path,section,current_ui_tab,current_ui_group,current_ui_order,proposed_level,proposed_tab,proposed_group,active_when,required_in_modes,required_when,enum,default,runtime_consumers,description
data.dataset_label,data,input,source,2,project_setup,Project Setup,Connection / Dataset / Adapter,always,,,bpi2012|bpi2012_stage3_4_xes|bpi2012_stage4_2_xes_stat|bpi2020Permit1|camunda_b2bcontracts|camunda_b2bcontracts_stage4_2_stat|camunda_procurement|camunda_procurement_sql|camunda_procurement_stage3_4_sql|camunda_sync_files_file|camunda_sync_files_neo4j|camunda_sync_sql_file|camunda_sync_sql_neo4j|synthetic_drift_4tu|xes_sync_dir_file|xes_sync_dir_neo4j,,src/adapters/ingestion/camunda_trace_adapter.py; src/adapters/ingestion/xes_adapter.py; src/application/use_cases/trainer.py; src/cli.py; tools/experiment_ui.py; tools/simulate_versioned_log.py; tools/visualize_graph.py; tools/visualize_topology.py,Human-readable dataset label for logs and tracking.
data.dataset_name,data,input,source,1,project_setup,Project Setup,Connection / Dataset / Adapter,always,train|eval_drift|eval_cross_dataset|sync-topology|sync-stats|sync-stats-backfill,,B2BContracts_ApproveProject|BPI_Challenge_2012|bpi2012|camunda_sync|procurement|xes_sync,,src/adapters/ingestion/camunda_runtime_adapter.py; src/adapters/ingestion/camunda_trace_adapter.py; src/adapters/ingestion/xes_adapter.py; src/cli.py; tools/experiment_ui.py; tools/graph_cache_cleaner.py; tools/ingest_topology.py; tools/stage3_1_runtime_refresh.py; tools/sync_stats.py; tools/sync_stats_backfill.py; tools/sync_topology.py; tools/visualize_graph.py,Canonical process/dataset identifier used for structure lookup and run profile.
data.log_path,data,input,source,4,project_setup,Project Setup,Connection / Dataset / Adapter,always,,mapping.adapter=xes,,,src/adapters/ingestion/camunda_bpmn_adapter.py; src/application/use_cases/trainer.py; src/cli.py; tools/experiment_ui.py; tools/ingest_topology.py; tools/simulate_versioned_log.py; tools/sync_stats.py; tools/sync_stats_backfill.py; tools/sync_topology.py; tools/visualize_graph.py; tools/visualize_topology.py,Path to XES file (or XES directory in sync scenarios).
experiment.cache_dir,experiment,general,advanced,220,advanced,Advanced,Rarely Changed,always,,,,.cache/dynamic_graph_builder,src/cli.py; src/domain/services/dynamic_graph_builder.py; tools/experiment_ui.py; tools/graph_cache_cleaner.py,Disk path for persistent structure cache when experiment.cache_policy=full.
experiment.cache_policy,experiment,general,core,14,advanced,Advanced,Rarely Changed,always,,,False|dto|full,full,src/cli.py; src/domain/services/dynamic_graph_builder.py; tools/experiment_ui.py,Caching policy for graph build path (off/dto/full).
experiment.drift_window_size,experiment,general,advanced,1000,advanced,Advanced,Rarely Changed,always,,,1000|500,,src/application/use_cases/trainer.py; src/cli.py; tools/experiment_ui.py,Window size (in traces) for drift evaluation.
experiment.drift_window_sliding,experiment,general,advanced,1000,advanced,Advanced,Rarely Changed,always,,,100|200|50,,src/application/use_cases/trainer.py; src/cli.py; tools/experiment_ui.py,Window sliding step for drift evaluation.
experiment.fraction,experiment,general,core,4,experiment_run,Experiment Run,Frequently Changed,always,,,0.1|1|1.0,,src/application/use_cases/trainer.py; src/cli.py; tools/experiment_ui.py; tools/ingest_topology.py; tools/sync_stats.py; tools/visualize_topology.py,Trace fraction after cascade filtering (0..1].
experiment.fraction_strategy,experiment,general,core,5,experiment_run,Experiment Run,Frequently Changed,always,,,temporal|versioned,temporal,src/application/use_cases/trainer.py; src/cli.py; tools/experiment_ui.py,Data fraction strategy. temporal preserves chronological sampling; versioned samples independently per process version.
experiment.graph_dataset_cache_dir,experiment,general,core,16,advanced,Advanced,Rarely Changed,always,,,,.cache/graph_datasets,src/cli.py; tools/experiment_ui.py,Disk path for persistent cache of prepared graph datasets.
experiment.graph_dataset_cache_policy,experiment,general,core,15,advanced,Advanced,Rarely Changed,always,,,off|read|write|full,off,src/cli.py; tools/experiment_ui.py,Policy for disk cache of built graph datasets (off/read/write/full).
experiment.graph_dataset_disk_spill_enabled,experiment,general,core,17,advanced,Advanced,Rarely Changed,always,,,false|true,false,src/cli.py; tools/experiment_ui.py,Enable sharded disk spill for build_graph to keep RAM bounded.
experiment.graph_dataset_shard_size,experiment,general,advanced,225,advanced,Advanced,Conditional Fine Tune,always,,experiment.graph_dataset_disk_spill_enabled=True,,2000,src/cli.py; tools/experiment_ui.py,Target number of graphs per on-disk shard when spill mode is enabled.
experiment.load_checkpoint,experiment,general,advanced,1000,experiment_run,Experiment Run,Checkpoint / Tracking,"experiment.mode=['eval_drift', 'eval_cross_dataset', 'train']",,"experiment.mode=['eval_drift', 'eval_cross_dataset']",checkpoints/MVP1_Baseline_train_05_bpi2012_GATv2_best.pth|checkpoints/MVP1_Baseline_train_bpi2012_GATv2_best.pth|checkpoints/MVP1_train_DataDrift_1_synthetic_drift_4tu_GATv2_best.pth|checkpoints/MVP2_5_Stage3_1_Baseline_Files_camunda_procurement_GATv2_best.pth|checkpoints/MVP2_5_Stage3_1_EOPKG_Files_camunda_procurement_GATv2_best.pth|checkpoints/MVP2_EOPKG_Attention_train_05_bpi2012_GATv2_best.pth,,src/application/use_cases/trainer.py; src/cli.py; tools/experiment_ui.py,"Шлях до checkpoint (.pth), який використовується для оцінки (eval_*) або дрейфу (eval_drift)."
experiment.mask_guided_enabled,experiment,general,advanced,232,experiment_run,Experiment Run,Frequently Changed,always,,,false|true,false,src/application/use_cases/trainer.py; src/cli.py,Convenience toggle mapped to training.mask_guided_enabled.
experiment.max_ram_gb,experiment,general,advanced,226,advanced,Advanced,Rarely Changed,always,,,,0.0,src/cli.py; tools/experiment_ui.py,Soft RSS limit for build_graph spill flushes; 0 disables RAM guard.
experiment.mode,experiment,general,core,1,experiment_run,Experiment Run,Frequently Changed,always,train|eval_drift|eval_cross_dataset|sync-topology|sync-stats|sync-stats-backfill,,train|eval_drift|eval_cross_dataset|sync-topology|sync-stats|sync-stats-backfill,,src/application/use_cases/trainer.py; tools/experiment_ui.py,Pipeline run mode (train/eval/sync commands).
experiment.name,experiment,general,core,3,experiment_run,Experiment Run,Frequently Changed,always,train|eval_drift|eval_cross_dataset,,,,src/application/use_cases/trainer.py; tools/experiment_ui.py,Concrete run name.
experiment.on_missing_asof_snapshot,experiment,general,advanced,1000,experiment_run,Experiment Run,Frequently Changed,always,,,disable_stats|use_base|raise,disable_stats,src/application/use_cases/trainer.py; src/cli.py; src/domain/services/dynamic_graph_builder.py; tools/experiment_ui.py,Runtime policy for strict_asof when no eligible snapshot is found (disable_stats/use_base/raise).
experiment.project,experiment,general,core,2,experiment_run,Experiment Run,Frequently Changed,always,train|eval_drift|eval_cross_dataset,,bpm_prediction_mvp1|bpm_prediction_mvp2|bpm_prediction_mvp2_5,,src/application/services/instance_graph_assembler_service.py; src/application/use_cases/trainer.py; src/cli.py; src/domain/entities/tensor_contract.py; src/domain/models/eopkg_models.py; src/domain/ports/instance_graph_port.py; src/domain/services/dynamic_graph_builder.py; src/domain/services/topology_projection_alignment.py; src/domain/services/torch_serialization.py; src/infrastructure/repositories/in_memory_instance_graph_repository.py; src/infrastructure/repositories/knowledge_graph_repository_factory.py; tools/experiment_ui.py,Tracking project/experiment name.
experiment.retrain,experiment,general,advanced,233,experiment_run,Experiment Run,Frequently Changed,always,,,false|true,false,src/application/use_cases/trainer.py; src/cli.py; tools/experiment_ui.py,Convenience toggle mapped to training.retrain.
experiment.split_ratio,experiment,general,core,8,experiment_run,Experiment Run,Frequently Changed,always,,,,,src/application/use_cases/trainer.py; src/cli.py; tools/experiment_ui.py; tools/ingest_topology.py,"Final [train,val,test] split ratio."
experiment.split_strategy,experiment,general,core,7,experiment_run,Experiment Run,Frequently Changed,always,,,temporal|none|versioned,,src/application/use_cases/trainer.py; src/cli.py; tools/experiment_ui.py; tools/ingest_topology.py; tools/sync_stats.py; tools/visualize_topology.py,Data split strategy. Current canonical value for MVP2.5 is temporal.
experiment.statistic_enabled,experiment,general,advanced,231,experiment_run,Experiment Run,Frequently Changed,always,,,false|true,false,src/cli.py,Convenience toggle mapped to mapping.graph_feature_mapping.enabled.
experiment.stats_time_policy,experiment,general,advanced,1000,advanced,general,advanced,experiment.statistic_enabled=true,,experiment.statistic_enabled=true,,,src/application/use_cases/trainer.py; src/cli.py; src/domain/services/dynamic_graph_builder.py; tools/experiment_ui.py; tools/sync_stats.py,Політика вибору статистики зі снепшотів: latest або strict_asof.
experiment.structural_mode,experiment,general,advanced,230,experiment_run,Experiment Run,Frequently Changed,always,,,false|true,true,src/application/services/learning_strategy_config.py; src/application/services/structural_trace_payload_builder.py; src/application/use_cases/trainer.py; src/cli.py; src/domain/models/eopkg_models.py,Enable or disable EOPKG structural attention branch while keeping observed branch unchanged.
experiment.train_ratio,experiment,general,core,6,experiment_run,Experiment Run,Frequently Changed,always,,,0|0.01|0.4|0.5|0.7|1.0,,src/application/use_cases/trainer.py; src/cli.py; tools/experiment_ui.py; tools/sync_stats.py; tools/visualize_topology.py,Train-cut ratio in cascade preparation.
experiment.version_scope_policy,experiment,general,core,9,experiment_run,Experiment Run,Frequently Changed,always,,,all|train_cut,all,src/application/use_cases/trainer.py; src/cli.py; tools/experiment_ui.py,Version leakage control for versioned fraction/split. all uses all selected versions; train_cut restricts train to versions known before train_ratio cut and keeps future versions for eval tail.
mapping.adapter,mapping,input,source,3,project_setup,Project Setup,Connection / Dataset / Adapter,always,train|eval_drift|eval_cross_dataset|sync-topology|sync-stats|sync-stats-backfill,,xes|camunda,,src/adapters/ingestion/camunda_bpmn_adapter.py; src/adapters/ingestion/camunda_runtime_adapter.py; src/adapters/ingestion/camunda_trace_adapter.py; src/adapters/ingestion/xes_adapter.py; src/application/use_cases/trainer.py; src/cli.py; src/domain/entities/runtime_fetch_diagnostics.py; src/domain/services/schema_resolver.py; src/infrastructure/repositories/knowledge_graph_repository_factory.py; src/infrastructure/tracking/mlflow_trace_recorder.py; src/infrastructure/tracking/mlflow_tracker.py; tools/architecture_guard.py,Data/structure mapping parameter.
mapping.camunda_adapter.lookback_hours,mapping,input,advanced,1000,project_setup,Project Setup,Connection / Dataset / Adapter,always,,,,,src/adapters/ingestion/camunda_trace_adapter.py; tools/experiment_ui.py; tools/stage3_1_runtime_refresh.py; tools/visualize_graph.py; tools/visualize_topology.py,Camunda process/tenant/time filtering parameter.
mapping.camunda_adapter.process_filters,mapping,input,advanced,1000,project_setup,Project Setup,Connection / Dataset / Adapter,always,,,,,src/adapters/ingestion/camunda_bpmn_adapter.py; src/application/services/bpmn_structure_parser_service.py; src/domain/ports/camunda_bpmn_port.py; tools/experiment_ui.py; tools/ingest_topology.py; tools/simulate_versioned_log.py; tools/sync_stats.py; tools/sync_stats_backfill.py; tools/sync_topology.py,Camunda process/tenant/time filtering parameter.
mapping.camunda_adapter.process_name,mapping,input,advanced,1000,project_setup,Project Setup,Connection / Dataset / Adapter,always,,,B2BContracts_ApproveProject|procurement,,src/adapters/ingestion/camunda_bpmn_adapter.py; src/adapters/ingestion/camunda_runtime_adapter.py; src/adapters/ingestion/camunda_trace_adapter.py; src/application/services/bpmn_structure_parser_service.py; src/application/services/instance_graph_assembler_service.py; src/application/services/topology_extractor_service.py; src/cli.py; src/domain/ports/camunda_bpmn_port.py; src/domain/ports/camunda_runtime_port.py; src/domain/ports/instance_graph_port.py; src/domain/ports/knowledge_graph_port.py; src/domain/services/dynamic_graph_builder.py,Camunda process/tenant/time filtering parameter.
mapping.camunda_adapter.runtime.connection_profile,mapping,input,advanced,1000,project_setup,Project Setup,Connection / Dataset / Adapter,always,,,,,src/adapters/ingestion/camunda_bpmn_adapter.py; src/adapters/ingestion/camunda_runtime_adapter.py; src/infrastructure/config/connection_resolver.py; tools/experiment_ui.py; tools/sync_stats.py,Camunda runtime source/connection/filter parameter.
mapping.camunda_adapter.runtime.connections_file,mapping,input,advanced,1000,project_setup,Project Setup,Connection / Dataset / Adapter,always,,,,,src/adapters/ingestion/camunda_bpmn_adapter.py; src/adapters/ingestion/camunda_runtime_adapter.py; src/infrastructure/config/connection_resolver.py; tools/experiment_ui.py; tools/sync_stats.py,Camunda runtime source/connection/filter parameter.
mapping.camunda_adapter.runtime.export_dir,mapping,input,advanced,1000,project_setup,Project Setup,Connection / Dataset / Adapter,always,,,,,src/adapters/ingestion/camunda_bpmn_adapter.py; src/adapters/ingestion/camunda_runtime_adapter.py; src/adapters/ingestion/camunda_trace_adapter.py; tools/experiment_ui.py; tools/sync_stats.py,Camunda runtime source/connection/filter parameter.
mapping.camunda_adapter.runtime.history_cleanup_aware,mapping,input,advanced,1000,project_setup,Project Setup,Connection / Dataset / Adapter,always,,,,,src/adapters/ingestion/camunda_runtime_adapter.py; src/adapters/ingestion/camunda_trace_adapter.py; tools/experiment_ui.py; tools/sync_stats.py,Camunda runtime source/connection/filter parameter.
mapping.camunda_adapter.runtime.legacy_removal_time_policy,mapping,input,advanced,1000,project_setup,Project Setup,Connection / Dataset / Adapter,always,,,,,src/adapters/ingestion/camunda_runtime_adapter.py; src/adapters/ingestion/camunda_trace_adapter.py; tools/experiment_ui.py; tools/sync_stats.py,Camunda runtime source/connection/filter parameter.
mapping.camunda_adapter.runtime.mssql.connection_profile,mapping,input,advanced,1000,project_setup,Project Setup,Connection / Dataset / Adapter,always,,,,,src/adapters/ingestion/camunda_bpmn_adapter.py; src/adapters/ingestion/camunda_runtime_adapter.py; src/infrastructure/config/connection_resolver.py; tools/experiment_ui.py; tools/sync_stats.py,Camunda runtime source/connection/filter parameter.
mapping.camunda_adapter.runtime.on_missing_removal_time,mapping,input,advanced,1000,project_setup,Project Setup,Connection / Dataset / Adapter,always,,,,,src/adapters/ingestion/camunda_runtime_adapter.py; src/adapters/ingestion/camunda_trace_adapter.py; tools/experiment_ui.py; tools/sync_stats.py,Camunda runtime source/connection/filter parameter.
mapping.camunda_adapter.runtime.runtime_source,mapping,input,source,10,project_setup,Project Setup,Connection / Dataset / Adapter,always,,mapping.adapter=camunda,files|mssql,,src/adapters/ingestion/camunda_runtime_adapter.py; src/adapters/ingestion/camunda_trace_adapter.py; tools/experiment_ui.py; tools/stage3_1_runtime_refresh.py; tools/sync_stats.py,Camunda runtime source/connection/filter parameter.
mapping.camunda_adapter.runtime.sql_dir,mapping,input,advanced,1000,project_setup,Project Setup,Connection / Dataset / Adapter,always,,,,,src/adapters/ingestion/camunda_bpmn_adapter.py; src/adapters/ingestion/camunda_runtime_adapter.py; src/adapters/ingestion/camunda_trace_adapter.py; tools/experiment_ui.py; tools/sync_stats.py,Camunda runtime source/connection/filter parameter.
mapping.camunda_adapter.since,mapping,input,advanced,1000,project_setup,Project Setup,Connection / Dataset / Adapter,always,,,,,src/adapters/ingestion/camunda_runtime_adapter.py; src/adapters/ingestion/camunda_trace_adapter.py; src/adapters/ingestion/xes_adapter.py; src/cli.py; src/domain/entities/event_record.py; src/domain/ports/camunda_runtime_port.py; src/domain/ports/instance_graph_port.py; src/infrastructure/repositories/in_memory_instance_graph_repository.py; src/tools/inspect_data.py; tools/experiment_ui.py; tools/stage3_1_runtime_refresh.py; tools/sync_stats.py,Camunda process/tenant/time filtering parameter.
mapping.camunda_adapter.structure.bpmn_source,mapping,eopkg,structure,2,project_setup,Project Setup,Connection / Dataset / Adapter,always,,mapping.adapter=camunda,files|mssql,,src/adapters/ingestion/camunda_bpmn_adapter.py; tools/experiment_ui.py; tools/sync_topology.py,Camunda BPMN structure ingestion parameter.
mapping.camunda_adapter.structure.call_activity.inference_fallback_strategy,mapping,eopkg,structure,50,project_setup,Project Setup,Connection / Dataset / Adapter,always,,,,,src/application/services/bpmn_structure_parser_service.py; src/domain/entities/process_structure.py; tools/experiment_ui.py; tools/ingest_topology.py; tools/simulate_versioned_log.py; tools/sync_topology.py,Camunda BPMN structure ingestion parameter.
mapping.camunda_adapter.structure.connection_profile,mapping,eopkg,structure,6,project_setup,Project Setup,Connection / Dataset / Adapter,always,,,,,src/adapters/ingestion/camunda_bpmn_adapter.py; src/adapters/ingestion/camunda_runtime_adapter.py; src/infrastructure/config/connection_resolver.py; tools/experiment_ui.py; tools/sync_stats.py,Camunda BPMN structure ingestion parameter.
mapping.camunda_adapter.structure.connections_file,mapping,eopkg,structure,7,project_setup,Project Setup,Connection / Dataset / Adapter,always,,,,,src/adapters/ingestion/camunda_bpmn_adapter.py; src/adapters/ingestion/camunda_runtime_adapter.py; src/infrastructure/config/connection_resolver.py; tools/experiment_ui.py; tools/sync_stats.py,Camunda BPMN structure ingestion parameter.
mapping.camunda_adapter.structure.files.bpmn_dir,mapping,eopkg,structure,5,project_setup,Project Setup,Connection / Dataset / Adapter,always,,,,,src/adapters/ingestion/camunda_bpmn_adapter.py; tools/experiment_ui.py,Camunda BPMN structure ingestion parameter.
mapping.camunda_adapter.structure.files.catalog_file,mapping,eopkg,structure,4,project_setup,Project Setup,Connection / Dataset / Adapter,always,,,,,src/adapters/ingestion/camunda_bpmn_adapter.py; tools/experiment_ui.py,Camunda BPMN structure ingestion parameter.
mapping.camunda_adapter.structure.files.export_dir,mapping,eopkg,structure,3,project_setup,Project Setup,Connection / Dataset / Adapter,always,,,,,src/adapters/ingestion/camunda_bpmn_adapter.py; src/adapters/ingestion/camunda_runtime_adapter.py; src/adapters/ingestion/camunda_trace_adapter.py; tools/experiment_ui.py; tools/sync_stats.py,Camunda BPMN structure ingestion parameter.
mapping.camunda_adapter.structure.mssql.connection_profile,mapping,eopkg,structure,50,project_setup,Project Setup,Connection / Dataset / Adapter,always,,,,,src/adapters/ingestion/camunda_bpmn_adapter.py; src/adapters/ingestion/camunda_runtime_adapter.py; src/infrastructure/config/connection_resolver.py; tools/experiment_ui.py; tools/sync_stats.py,Camunda BPMN structure ingestion parameter.
mapping.camunda_adapter.structure.parser_mode,mapping,eopkg,structure,9,project_setup,Project Setup,Connection / Dataset / Adapter,always,,,,,src/application/services/bpmn_structure_parser_service.py; tools/experiment_ui.py; tools/ingest_topology.py; tools/simulate_versioned_log.py; tools/sync_topology.py,Camunda BPMN structure ingestion parameter.
mapping.camunda_adapter.structure.source,mapping,eopkg,structure,1,project_setup,Project Setup,Connection / Dataset / Adapter,always,,,bpmn|logs,,src/adapters/ingestion/camunda_bpmn_adapter.py; src/adapters/ingestion/camunda_runtime_adapter.py; src/adapters/ingestion/camunda_trace_adapter.py; src/adapters/ingestion/xes_adapter.py; src/application/services/bpmn_structure_parser_service.py; src/application/services/instance_graph_assembler_service.py; src/application/use_cases/trainer.py; src/cli.py; src/domain/entities/event_record.py; src/domain/entities/feature_config.py; src/domain/entities/process_structure.py; src/domain/entities/tensor_contract.py,Camunda BPMN structure ingestion parameter.
mapping.camunda_adapter.structure.sql_dir,mapping,eopkg,structure,8,project_setup,Project Setup,Connection / Dataset / Adapter,always,,,,,src/adapters/ingestion/camunda_bpmn_adapter.py; src/adapters/ingestion/camunda_runtime_adapter.py; src/adapters/ingestion/camunda_trace_adapter.py; tools/experiment_ui.py; tools/sync_stats.py,Camunda BPMN structure ingestion parameter.
mapping.camunda_adapter.structure.structure_from_logs,mapping,eopkg,structure,50,project_setup,Project Setup,Connection / Dataset / Adapter,always,,,,,src/cli.py; tools/experiment_ui.py; tools/ingest_topology.py,Camunda BPMN structure ingestion parameter.
mapping.camunda_adapter.structure.subprocess_mode,mapping,eopkg,structure,10,project_setup,Project Setup,Connection / Dataset / Adapter,always,,,,,src/application/services/bpmn_structure_parser_service.py; src/application/services/instance_graph_assembler_service.py; tools/experiment_ui.py; tools/ingest_topology.py; tools/simulate_versioned_log.py; tools/sync_topology.py,Camunda BPMN structure ingestion parameter.
mapping.camunda_adapter.structure.version_key_format,mapping,eopkg,structure,50,project_setup,Project Setup,Connection / Dataset / Adapter,always,,,,,tools/experiment_ui.py,Camunda BPMN structure ingestion parameter.
mapping.camunda_adapter.subprocess_graph_mode,mapping,eopkg,structure,11,project_setup,Project Setup,Connection / Dataset / Adapter,always,,,,,src/application/services/instance_graph_assembler_service.py; tools/experiment_ui.py,Camunda process/tenant/time filtering parameter.
mapping.camunda_adapter.tenant_filters,mapping,input,advanced,1000,project_setup,Project Setup,Connection / Dataset / Adapter,always,,,,,src/adapters/ingestion/camunda_bpmn_adapter.py; tools/experiment_ui.py; tools/sync_stats.py; tools/sync_stats_backfill.py; tools/sync_topology.py,Camunda process/tenant/time filtering parameter.
mapping.camunda_adapter.tenant_id,mapping,input,advanced,1000,project_setup,Project Setup,Connection / Dataset / Adapter,always,,,,,src/adapters/ingestion/camunda_bpmn_adapter.py; src/infrastructure/repositories/neo4j_knowledge_graph_repository.py; tools/experiment_ui.py; tools/sync_stats.py; tools/sync_stats_backfill.py; tools/sync_topology.py,Camunda process/tenant/time filtering parameter.
mapping.camunda_adapter.until,mapping,input,advanced,1000,project_setup,Project Setup,Connection / Dataset / Adapter,always,,,,,src/adapters/ingestion/camunda_runtime_adapter.py; src/adapters/ingestion/camunda_trace_adapter.py; src/domain/ports/camunda_runtime_port.py; src/domain/ports/instance_graph_port.py; src/infrastructure/repositories/in_memory_instance_graph_repository.py; src/infrastructure/repositories/neo4j_knowledge_graph_repository.py; tools/experiment_ui.py; tools/graph_cache_cleaner.py; tools/stage3_1_runtime_refresh.py; tools/sync_stats.py; tools/sync_stats_backfill.py; tools/visualize_graph.py,Camunda process/tenant/time filtering parameter.
mapping.camunda_adapter.version_key,mapping,input,advanced,1000,project_setup,Project Setup,Connection / Dataset / Adapter,always,,,|v5|v6,,src/adapters/ingestion/camunda_runtime_adapter.py; src/adapters/ingestion/camunda_trace_adapter.py; src/adapters/ingestion/xes_adapter.py; src/application/services/bpmn_structure_parser_service.py; src/application/services/instance_graph_assembler_service.py; src/application/services/topology_extractor_service.py; src/application/services/trace_sampling_policy.py; src/cli.py; src/domain/ports/camunda_runtime_port.py; src/domain/ports/instance_graph_port.py; src/domain/ports/knowledge_graph_port.py; src/domain/services/dynamic_graph_builder.py,Camunda process/tenant/time filtering parameter.
mapping.graph_feature_mapping.enabled,mapping,legacy,deprecated,9999,project_setup,Project Setup,Structure / Stats Source,always,,,false|true,False,,Enables canonical stats_index -> tensor mapping for structural branch.
mapping.graph_feature_mapping.stats_quality_gate.enabled,mapping,eopkg,graph_mapping,4,project_setup,Project Setup,Structure / Stats Source,always,,,false|true,True,,Enables consumer-side stats quality gate in DynamicGraphBuilder.
mapping.graph_feature_mapping.stats_quality_gate.min_history_coverage_percent,mapping,eopkg,graph_mapping,7,project_setup,Project Setup,Structure / Stats Source,always,,,,0.0,src/domain/services/dynamic_graph_builder.py; tools/sync_stats.py,Minimal history coverage required by consumer gate.
mapping.graph_feature_mapping.stats_quality_gate.min_non_zero_ratio_overall,mapping,eopkg,graph_mapping,6,project_setup,Project Setup,Structure / Stats Source,always,,,,0.0,src/domain/services/dynamic_graph_builder.py; tools/sync_stats.py,Minimal overall non-zero ratio required by consumer gate.
mapping.graph_feature_mapping.stats_quality_gate.on_fail,mapping,eopkg,graph_mapping,3,project_setup,Project Setup,Structure / Stats Source,always,,,ignore_with_warning|allow_with_warning|raise,ignore_with_warning,src/cli.py; src/domain/services/dynamic_graph_builder.py; tools/sync_stats.py,Action on consumer quality gate fail.
mapping.graph_feature_mapping.stats_quality_gate.warn_on_fail,mapping,eopkg,graph_mapping,4,project_setup,Project Setup,Structure / Stats Source,always,,,false|true,True,src/domain/services/dynamic_graph_builder.py; tools/sync_stats.py,Emit warning when consumer quality gate rejects or downgrades stats payload.
mapping.graph_feature_mapping.stats_quality_gate.zero_dominant_threshold,mapping,eopkg,graph_mapping,5,project_setup,Project Setup,Structure / Stats Source,always,,,,0.95,src/domain/services/dynamic_graph_builder.py; tools/sync_stats.py,Threshold above which stats snapshot is considered zero-dominant.
mapping.graph_feature_mapping.topology_projection.diagnostics_enabled,mapping,eopkg,graph_mapping,2,project_setup,Project Setup,Structure / Stats Source,always,,,false|true,True,src/domain/services/dynamic_graph_builder.py,Enables post-projection topology alignment diagnostics for structural tensors and allowed_target_mask.
mapping.graph_feature_mapping.topology_projection.gateway_mode,mapping,eopkg,graph_mapping,1,project_setup,Project Setup,Structure / Stats Source,always,,,preserve|collapse_for_prediction,collapse_for_prediction,src/cli.py; src/domain/services/dynamic_graph_builder.py; src/domain/services/topology_projection_alignment.py; tools/experiment_ui.py,Controls whether BPMN gateway nodes are preserved or collapsed into task-to-task projection for GNN/mask runtime.
mapping.graph_feature_mapping.topology_projection.on_fail,mapping,eopkg,graph_mapping,3,project_setup,Project Setup,Structure / Stats Source,always,,,warn|raise|disable_struct,warn,src/cli.py; src/domain/services/dynamic_graph_builder.py; tools/sync_stats.py,Action when post-projection topology alignment cannot be proven.
mapping.knowledge_graph.backend,mapping,eopkg,backend,1,project_setup,Project Setup,Connection / Dataset / Adapter,always,,,in_memory|file|neo4j,file,src/application/services/topology_extractor_service.py; src/cli.py; src/infrastructure/repositories/file_based_knowledge_graph_repository.py; src/infrastructure/repositories/knowledge_graph_repository_factory.py; src/infrastructure/repositories/neo4j_knowledge_graph_repository.py; tools/experiment_ui.py; tools/ingest_topology.py; tools/sync_stats.py; tools/sync_topology.py; tools/visualize_graph.py; tools/visualize_topology.py,Repository backend for structure/snapshot artifacts.
mapping.knowledge_graph.ingest_split,mapping,eopkg,backend,7,advanced,Advanced,Other,always,,,full|train,,src/infrastructure/repositories/knowledge_graph_repository_factory.py; tools/experiment_ui.py; tools/ingest_topology.py,Knowledge graph backend/storage/connectivity parameter.
mapping.knowledge_graph.neo4j.connection_profile,mapping,eopkg,backend,3,advanced,Advanced,Other,always,,,,,src/adapters/ingestion/camunda_bpmn_adapter.py; src/adapters/ingestion/camunda_runtime_adapter.py; src/infrastructure/config/connection_resolver.py; tools/experiment_ui.py; tools/sync_stats.py,Knowledge graph backend/storage/connectivity parameter.
mapping.knowledge_graph.neo4j.connections_file,mapping,eopkg,backend,4,advanced,Advanced,Other,always,,,,,src/adapters/ingestion/camunda_bpmn_adapter.py; src/adapters/ingestion/camunda_runtime_adapter.py; src/infrastructure/config/connection_resolver.py; tools/experiment_ui.py; tools/sync_stats.py,Knowledge graph backend/storage/connectivity parameter.
mapping.knowledge_graph.neo4j.verify_connectivity,mapping,eopkg,backend,5,advanced,Advanced,Other,always,,,,,src/infrastructure/repositories/knowledge_graph_repository_factory.py; src/infrastructure/repositories/neo4j_knowledge_graph_repository.py; tools/experiment_ui.py,Knowledge graph backend/storage/connectivity parameter.
mapping.knowledge_graph.path,mapping,eopkg,backend,6,advanced,Advanced,Other,always,,,,,,Knowledge graph backend/storage/connectivity parameter.
mapping.knowledge_graph.strict_load,mapping,eopkg,backend,2,project_setup,Project Setup,Connection / Dataset / Adapter,always,,,false|true,,src/cli.py; src/infrastructure/repositories/knowledge_graph_repository_factory.py; tools/experiment_ui.py,Knowledge graph backend/storage/connectivity parameter.
mapping.xes_adapter.activity_key,mapping,input,advanced,1000,project_setup,Project Setup,Connection / Dataset / Adapter,always,,,,,src/adapters/ingestion/xes_adapter.py; src/cli.py; tools/experiment_ui.py; tools/simulate_versioned_log.py,XES parsing/mapping parameter (case/activity/time/version/lifecycle alignment).
mapping.xes_adapter.case_id_key,mapping,input,advanced,1000,project_setup,Project Setup,Connection / Dataset / Adapter,always,,,,,src/adapters/ingestion/xes_adapter.py; tools/experiment_ui.py; tools/simulate_versioned_log.py,XES parsing/mapping parameter (case/activity/time/version/lifecycle alignment).
mapping.xes_adapter.complete_transitions,mapping,input,advanced,1000,project_setup,Project Setup,Connection / Dataset / Adapter,always,,,,,src/adapters/ingestion/xes_adapter.py; tools/experiment_ui.py; tools/simulate_versioned_log.py,XES parsing/mapping parameter (case/activity/time/version/lifecycle alignment).
mapping.xes_adapter.lifecycle_key,mapping,input,advanced,1000,project_setup,Project Setup,Connection / Dataset / Adapter,always,,,,,src/adapters/ingestion/xes_adapter.py; tools/experiment_ui.py; tools/simulate_versioned_log.py,XES parsing/mapping parameter (case/activity/time/version/lifecycle alignment).
mapping.xes_adapter.pairing_strategy,mapping,input,advanced,1000,project_setup,Project Setup,Connection / Dataset / Adapter,always,,,,,src/adapters/ingestion/xes_adapter.py; tools/experiment_ui.py; tools/simulate_versioned_log.py,XES parsing/mapping parameter (case/activity/time/version/lifecycle alignment).
mapping.xes_adapter.resource_key,mapping,input,advanced,1000,project_setup,Project Setup,Connection / Dataset / Adapter,always,,,,,src/adapters/ingestion/xes_adapter.py; tools/experiment_ui.py; tools/simulate_versioned_log.py,XES parsing/mapping parameter (case/activity/time/version/lifecycle alignment).
mapping.xes_adapter.start_transitions,mapping,input,core,4,project_setup,Project Setup,Connection / Dataset / Adapter,always,,,,,src/adapters/ingestion/xes_adapter.py; tools/experiment_ui.py; tools/simulate_versioned_log.py,XES parsing/mapping parameter (case/activity/time/version/lifecycle alignment).
mapping.xes_adapter.timestamp_key,mapping,input,advanced,1000,project_setup,Project Setup,Connection / Dataset / Adapter,always,,,,,src/adapters/ingestion/xes_adapter.py; tools/experiment_ui.py; tools/simulate_versioned_log.py,XES parsing/mapping parameter (case/activity/time/version/lifecycle alignment).
mapping.xes_adapter.use_classifier,mapping,input,advanced,1000,project_setup,Project Setup,Connection / Dataset / Adapter,always,,,false|true,,src/adapters/ingestion/xes_adapter.py; src/application/use_cases/trainer.py; src/cli.py; tools/experiment_ui.py; tools/simulate_versioned_log.py,XES parsing/mapping parameter (case/activity/time/version/lifecycle alignment).
mapping.xes_adapter.version_key,mapping,input,advanced,1000,project_setup,Project Setup,Connection / Dataset / Adapter,always,,,,,src/adapters/ingestion/camunda_runtime_adapter.py; src/adapters/ingestion/camunda_trace_adapter.py; src/adapters/ingestion/xes_adapter.py; src/application/services/bpmn_structure_parser_service.py; src/application/services/instance_graph_assembler_service.py; src/application/services/topology_extractor_service.py; src/application/services/trace_sampling_policy.py; src/cli.py; src/domain/ports/camunda_runtime_port.py; src/domain/ports/instance_graph_port.py; src/domain/ports/knowledge_graph_port.py; src/domain/services/dynamic_graph_builder.py,XES parsing/mapping parameter (case/activity/time/version/lifecycle alignment).
model.candidate_pooling,model,model,core,33,advanced,model,core,always,,model.type=EOPKGTopologyConditioned,logmeanexp|mean|max,logmeanexp,,Aggregation policy from topology node scores to label-level logits in Stage 1.
model.candidate_scoring,model,model,core,32,advanced,model,core,always,,model.type=EOPKGTopologyConditioned,cosine|bilinear,cosine,,Scoring function between observed prefix state and topology candidate prototypes.
model.candidate_temperature_init,model,model,advanced,1032,advanced,model,advanced,always,,model.type=EOPKGTopologyConditioned,,0.1,,Fixed or initial temperature for topology candidate cosine scores.
model.candidate_temperature_max,model,model,advanced,1034,advanced,model,advanced,always,,model.type=EOPKGTopologyConditioned,,10.0,,Upper clamp for trainable candidate temperature.
model.candidate_temperature_min,model,model,advanced,1033,advanced,model,advanced,always,,model.type=EOPKGTopologyConditioned,,0.05,,Lower clamp for trainable candidate temperature.
model.candidate_temperature_trainable,model,model,advanced,1035,advanced,model,advanced,always,,model.type=EOPKGTopologyConditioned,false|true,False,,Allows candidate temperature to be optimized; canonical Stage 1 keeps it fixed.
model.cross_attention_heads,model,model,advanced,1000,advanced,Advanced,Rarely Changed,always,,,,,src/cli.py; src/domain/models/eopkg_models.py; tools/experiment_ui.py,Model architecture/hyperparameter.
model.dropout,model,model,advanced,1000,advanced,Advanced,Rarely Changed,always,,,sequential_prefix,sequential_prefix,src/cli.py; src/domain/models/baseline_gat.py; src/domain/models/baseline_gcn.py; src/domain/models/eopkg_models.py; tools/experiment_ui.py,Currently only sequential_prefix is implemented; prefix events are represented as a sequential event graph.
model.fusion_mode,model,model,advanced,1000,experiment_run,Experiment Run,Frequently Changed,always,,model.type=EOPKGGATv2,ClassMeanAttention|ClassMeanConcat|ClassAwareStructuralScoring|TopologyStateEncoder|TopologyStateGraphEncoder|StructuralPriorEncoder|StructXAttn,ClassMeanAttention,src/application/services/learning_strategy_config.py; src/application/services/structural_trace_payload_builder.py; src/application/use_cases/trainer.py; src/cli.py; src/domain/models/eopkg_models.py; tools/experiment_ui.py,"ClassMeanAttention keeps old Attention semantics; ClassMeanConcat keeps old Concat/struct_pool_concat semantics; ClassAwareStructuralScoring adds per-class structural logits to observed logits; TopologyStateEncoder projects observed prefix state onto topology nodes before structural message passing and pools node logits to classes; TopologyStateGraphEncoder projects observed prefix state onto topology nodes, performs topology message passing, then classifies a graph-level topology context; StructuralPriorEncoder uses etalon-like representation-level fusion with observed context plus pooled structural context before classifier; StructXAttn uses token-level structural cross-attention from observed IG nodes to structural nodes before pooling."
model.graph_strategy,model,model,advanced,1000,advanced,Advanced,Rarely Changed,always,,,,,tools/experiment_ui.py,Model architecture/hyperparameter.
model.hidden_dim,model,model,advanced,1000,advanced,Advanced,Rarely Changed,always,,,,,src/application/use_cases/trainer.py; src/cli.py; src/domain/models/baseline_gat.py; src/domain/models/baseline_gcn.py; src/domain/models/eopkg_models.py; tools/experiment_ui.py,Model architecture/hyperparameter.
model.model_label,model,model,advanced,1000,experiment_run,Experiment Run,Frequently Changed,always,,,GATv2|GCN,,src/application/use_cases/trainer.py; src/cli.py; tools/experiment_ui.py,Model architecture/hyperparameter.
model.observed_encoder,model,model,advanced,1030,advanced,model,advanced,always,,model.type=EOPKGTopologyConditioned,GATv2,GATv2,,Observed-prefix encoder used by EOPKGTopologyConditioned.
model.pooling_strategy,model,model,advanced,1000,experiment_run,Experiment Run,Frequently Changed,always,,,,,src/cli.py; src/domain/models/baseline_gat.py; src/domain/models/baseline_gcn.py; src/domain/models/eopkg_models.py; tools/experiment_ui.py,Model architecture/hyperparameter.
model.struct_encoder,model,model,advanced,1031,advanced,model,advanced,always,,model.type=EOPKGTopologyConditioned,GATv2,GATv2,,Structural encoder used to produce topology candidate prototypes.
model.struct_encoder_type,model,model,advanced,1000,advanced,Advanced,Conditional Fine Tune,always,,model.type=EOPKGGATv2,GATv2Conv|GCNConv,GATv2Conv,src/cli.py; src/domain/models/eopkg_models.py; tools/experiment_ui.py,Encoder type for structural branch of EOPKGGATv2.
model.struct_hidden_dim,model,model,advanced,1000,advanced,Advanced,Rarely Changed,always,,,global_mean|last_node,global_mean,src/application/use_cases/trainer.py; src/cli.py; src/domain/models/eopkg_models.py; tools/experiment_ui.py,global_mean pools all prefix node embeddings; last_node uses the final prefix node embedding as the process state.
model.struct_xattn_delta_ratio_max,model,model,advanced,1025,advanced,model,advanced,always,,model.type=EOPKGGATv2; model.fusion_mode=StructXAttn,,,,Optional cap for mean_abs(delta) divided by mean_abs(observed) in StructXAttn residual merge.
model.struct_xattn_dropout,model,model,advanced,1018,advanced,Advanced,Fusion Fine Tune,always,,model.type=EOPKGGATv2; model.fusion_mode=StructXAttn,,0.2,src/cli.py; src/domain/models/eopkg_models.py,Dropout used inside and after StructXAttn.
model.struct_xattn_gate_init_bias,model,model,advanced,1023,advanced,Advanced,Fusion Fine Tune,always,,model.type=EOPKGGATv2; model.fusion_mode=StructXAttn; model.struct_xattn_use_gate=true,,-2.0,src/cli.py; src/domain/models/eopkg_models.py,Initial sigmoid gate bias for structural attention delta.
model.struct_xattn_heads,model,model,advanced,1017,advanced,Advanced,Fusion Fine Tune,always,,model.type=EOPKGGATv2; model.fusion_mode=StructXAttn,,4,src/cli.py; src/domain/models/eopkg_models.py,Number of heads for token-level structural cross-attention.
model.struct_xattn_layers,model,model,advanced,1016,advanced,Advanced,Fusion Fine Tune,always,,model.type=EOPKGGATv2; model.fusion_mode=StructXAttn,post_conv2|after_each_conv,post_conv2,src/cli.py; src/domain/models/eopkg_models.py,Injection placement for token-level structural cross-attention.
model.struct_xattn_merge_mode,model,model,advanced,1024,advanced,model,advanced,always,,model.type=EOPKGGATv2; model.fusion_mode=StructXAttn,post_norm_residual|pre_norm_context|residual_only,post_norm_residual,,Residual merge semantics for token-level structural cross-attention.
model.struct_xattn_scale_init,model,model,advanced,1019,advanced,Advanced,Fusion Fine Tune,always,,model.type=EOPKGGATv2; model.fusion_mode=StructXAttn,,0.1,src/cli.py; src/domain/models/eopkg_models.py,Initial gamma multiplier for structural cross-attention delta.
model.struct_xattn_scale_max,model,model,advanced,1020,advanced,Advanced,Fusion Fine Tune,always,,model.type=EOPKGGATv2; model.fusion_mode=StructXAttn,,2.0,src/cli.py; src/domain/models/eopkg_models.py,Upper clamp for learned StructXAttn gamma.
model.struct_xattn_use_gate,model,model,advanced,1022,advanced,Advanced,Fusion Fine Tune,always,,model.type=EOPKGGATv2; model.fusion_mode=StructXAttn,false|true,true,src/cli.py; src/domain/models/eopkg_models.py,Use a sigmoid gate over the structural attention delta.
model.struct_xattn_use_layer_norm,model,model,advanced,1021,advanced,Advanced,Fusion Fine Tune,always,,model.type=EOPKGGATv2; model.fusion_mode=StructXAttn,false|true,true,src/cli.py; src/domain/models/eopkg_models.py,Apply LayerNorm after residual structural cross-attention update.
model.structural_logit_scale_init,model,model,advanced,1002,advanced,Advanced,Conditional Fine Tune,always,,model.type=EOPKGGATv2; model.fusion_mode=ClassAwareStructuralScoring,,0.1,src/cli.py; src/domain/models/eopkg_models.py,Initial gamma multiplier for normalized structural logits.
model.structural_logit_scale_max,model,model,advanced,1003,advanced,Advanced,Conditional Fine Tune,always,,model.type=EOPKGGATv2; model.fusion_mode=ClassAwareStructuralScoring,,2.0,src/cli.py; src/domain/models/eopkg_models.py,Upper clamp for learned structural logit gamma.
model.structural_observed_scale_max,model,model,advanced,1005,advanced,Advanced,Conditional Fine Tune,always,,model.type=EOPKGGATv2; model.fusion_mode=ClassAwareStructuralScoring,,10.0,src/cli.py; src/domain/models/eopkg_models.py,Upper clamp for detached observed-logit magnitude used to scale structural logits.
model.structural_observed_scale_min,model,model,advanced,1004,advanced,Advanced,Conditional Fine Tune,always,,model.type=EOPKGGATv2; model.fusion_mode=ClassAwareStructuralScoring,,1.0,src/cli.py; src/domain/models/eopkg_models.py,Lower clamp for detached observed-logit magnitude used to scale structural logits.
model.structural_prior_fusion,model,model,advanced,1014,advanced,Advanced,Fusion Fine Tune,always,,model.type=EOPKGGATv2; model.fusion_mode=StructuralPriorEncoder,concat|gated_concat,concat,src/cli.py; src/domain/models/eopkg_models.py,Fusion operator for observed context and pooled structural context in StructuralPriorEncoder.
model.structural_prior_gate_init_bias,model,model,advanced,1015,advanced,Advanced,Fusion Fine Tune,always,,model.type=EOPKGGATv2; model.fusion_mode=StructuralPriorEncoder; model.structural_prior_fusion=gated_concat,,-1.0,src/cli.py; src/domain/models/eopkg_models.py,Initial sigmoid gate bias for gated_concat; negative values start with conservative structural influence.
model.structural_prior_pooling,model,model,advanced,1013,advanced,Advanced,Fusion Fine Tune,always,,model.type=EOPKGGATv2; model.fusion_mode=StructuralPriorEncoder,mean,mean,src/cli.py; src/domain/models/eopkg_models.py,Pooling strategy for structural node embeddings in StructuralPriorEncoder; mean mirrors etalon global_mean_pool.
model.structural_score_mode,model,model,advanced,1001,experiment_run,Experiment Run,Frequently Changed,always,,model.type=EOPKGGATv2; model.fusion_mode=ClassAwareStructuralScoring,bilinear_with_prior|cosine,bilinear_with_prior,src/cli.py; src/domain/models/eopkg_models.py,Scoring function used by ClassAwareStructuralScoring before node-to-class late pooling.
model.structural_stats_beta,model,model,advanced,1006,advanced,Advanced,Conditional Fine Tune,always,,model.type=EOPKGGATv2; model.fusion_mode=ClassAwareStructuralScoring,,0.1,src/cli.py; src/domain/models/eopkg_models.py,Fixed beta multiplier for additive stats projection in structural node features.
model.topology_graph_pooling,model,model,advanced,1012,advanced,Advanced,Fusion Fine Tune,always,,model.type=EOPKGGATv2; model.fusion_mode=TopologyStateGraphEncoder,mean,mean,src/cli.py; src/domain/models/eopkg_models.py,Graph-level pooling strategy for TopologyStateGraphEncoder; mean mirrors etalon/article-style global_mean_pool.
model.topology_state_beta,model,model,advanced,1007,advanced,Advanced,Fusion Fine Tune,always,,model.type=EOPKGGATv2,,0.5,src/cli.py; src/domain/models/eopkg_models.py,Scales gated observed prefix-state projection before topology message passing in TopologyStateEncoder and TopologyStateGraphEncoder.
model.topology_state_beta_max,model,model,advanced,1008,advanced,Advanced,Fusion Fine Tune,always,,model.type=EOPKGGATv2,,2.0,src/cli.py; src/domain/models/eopkg_models.py,Forward-time upper clamp for topology_state_beta.
model.topology_state_class_pooling,model,model,advanced,1010,advanced,Advanced,Fusion Fine Tune,always,,model.type=EOPKGGATv2; model.fusion_mode=TopologyStateEncoder,logmeanexp|mean|max|logsumexp,logmeanexp,src/cli.py; src/domain/models/eopkg_models.py,Node-to-class pooling for TopologyStateEncoder; logmeanexp is cardinality-normalized and is the default.
model.topology_state_dropout,model,model,advanced,1011,advanced,Advanced,Fusion Fine Tune,always,,model.type=EOPKGGATv2,,0.2,src/cli.py; src/domain/models/eopkg_models.py,Dropout applied to prefix-state projection in TopologyStateEncoder and TopologyStateGraphEncoder.
model.topology_state_gate_init_bias,model,model,advanced,1009,advanced,Advanced,Fusion Fine Tune,always,,model.type=EOPKGGATv2,,-2.0,src/cli.py; src/domain/models/eopkg_models.py,Initial bias for sigmoid gate over prefix-state projection.
model.type,model,model,advanced,1000,experiment_run,Experiment Run,Frequently Changed,always,,,BaselineGATv2|BaselineGCN|EOPKGGATv2|EOPKGTopologyConditioned,BaselineGATv2,src/domain/models/factory.py; tools/experiment_ui.py,Main model type (baseline or EOPKG).
seed,seed,general,advanced,1000,experiment_run,Experiment Run,Frequently Changed,always,,,,,src/application/services/topology_payload_pool.py; src/application/services/trace_sampling_policy.py; src/application/use_cases/trainer.py; src/cli.py; src/tools/inspect_data.py; tools/experiment_ui.py; tools/simulate_versioned_log.py; tools/stage3_1_runtime_refresh.py; tools/visualize_graph.py,Global random seed for reproducible runs.
sync_stats.alignment_gate.candidate_node_fields,sync_stats,eopkg,sync_stats,22,project_setup,Project Setup,Structure / Stats Source,always,,,,['id'],src/domain/services/activity_topology_alignment_service.py; tools/sync_stats.py,Ordered topology node fields used as activity mapping candidates.
sync_stats.alignment_gate.collapse_separators,sync_stats,eopkg,sync_stats,26,project_setup,Project Setup,Structure / Stats Source,always,,,false|true,False,src/domain/services/activity_topology_alignment_service.py; tools/sync_stats.py,"Collapse spaces, underscores, and hyphens during normalized matching."
sync_stats.alignment_gate.enabled,sync_stats,eopkg,sync_stats,20,project_setup,Project Setup,Structure / Stats Source,always,,,false|true,True,,Enables producer-side activity-to-topology alignment gate in sync-stats.
sync_stats.alignment_gate.fail_on_ambiguity,sync_stats,eopkg,sync_stats,27,project_setup,Project Setup,Structure / Stats Source,always,,,false|true,True,src/domain/services/activity_topology_alignment_service.py; tools/sync_stats.py,Reject snapshots when an event activity can map to multiple topology nodes.
sync_stats.alignment_gate.ignore_structural_only_nodes,sync_stats,eopkg,sync_stats,23,project_setup,Project Setup,Structure / Stats Source,always,,,false|true,False,src/domain/services/activity_topology_alignment_service.py; tools/sync_stats.py,Exclude structural-only BPMN nodes from node coverage denominator.
sync_stats.alignment_gate.min_event_match_ratio,sync_stats,eopkg,sync_stats,29,project_setup,Project Setup,Structure / Stats Source,always,,,,0.6,src/domain/services/activity_topology_alignment_service.py; tools/sync_stats.py; tools/sync_stats_backfill.py,Minimal ratio of runtime events whose activity ids match topology nodes.
sync_stats.alignment_gate.min_node_coverage,sync_stats,eopkg,sync_stats,31,project_setup,Project Setup,Structure / Stats Source,always,,,,0.0,src/domain/services/activity_topology_alignment_service.py; tools/sync_stats.py; tools/sync_stats_backfill.py,Minimal topology node coverage by matched runtime activities.
sync_stats.alignment_gate.min_unique_activity_coverage,sync_stats,eopkg,sync_stats,30,project_setup,Project Setup,Structure / Stats Source,always,,,,0.6,src/domain/services/activity_topology_alignment_service.py; tools/sync_stats.py; tools/sync_stats_backfill.py,Minimal coverage of unique runtime activities by topology nodes.
sync_stats.alignment_gate.normalize_case,sync_stats,eopkg,sync_stats,25,project_setup,Project Setup,Structure / Stats Source,always,,,false|true,False,src/domain/services/activity_topology_alignment_service.py; tools/sync_stats.py,Use case-insensitive candidate matching after exact matching.
sync_stats.alignment_gate.on_fail,sync_stats,eopkg,sync_stats,32,project_setup,Project Setup,Structure / Stats Source,always,,,write_with_flag|skip_snapshot|raise,write_with_flag,src/cli.py; src/domain/services/dynamic_graph_builder.py; tools/sync_stats.py,Action when producer alignment thresholds are not met.
sync_stats.alignment_gate.profile,sync_stats,eopkg,sync_stats,21,project_setup,Project Setup,Structure / Stats Source,always,,,legacy_exact|safe_normalized|research_strict,legacy_exact,src/domain/services/activity_topology_alignment_service.py,Matching profile for activity-to-topology alignment.
sync_stats.alignment_gate.strip_classifier_suffix,sync_stats,eopkg,sync_stats,24,project_setup,Project Setup,Structure / Stats Source,always,,,false|true,False,src/domain/services/activity_topology_alignment_service.py; tools/sync_stats.py,Strip lifecycle classifier suffixes such as +complete or ::complete before matching.
sync_stats.alignment_gate.warn_on_fail,sync_stats,eopkg,sync_stats,28,project_setup,Project Setup,Structure / Stats Source,always,,,false|true,True,src/domain/services/dynamic_graph_builder.py; tools/sync_stats.py,Emit warning when producer alignment gate fails.
sync_stats.confidence_weights.coverage,sync_stats,input,advanced,1000,project_setup,Project Setup,Structure / Stats Source,always,,,,,src/adapters/ingestion/camunda_runtime_adapter.py; src/application/services/instance_graph_assembler_service.py; src/application/use_cases/trainer.py; src/domain/entities/runtime_fetch_diagnostics.py; src/domain/services/activity_topology_alignment_service.py; src/domain/services/dynamic_graph_builder.py; tools/experiment_ui.py; tools/stage3_1_runtime_refresh.py; tools/sync_stats.py; tools/sync_stats_backfill.py,sync-stats snapshot generation parameter.
sync_stats.confidence_weights.freshness,sync_stats,input,advanced,1000,project_setup,Project Setup,Structure / Stats Source,always,,,,,src/application/services/instance_graph_assembler_service.py; tools/experiment_ui.py; tools/sync_stats.py,sync-stats snapshot generation parameter.
sync_stats.confidence_weights.sample_size,sync_stats,input,advanced,1000,project_setup,Project Setup,Structure / Stats Source,always,,,,,src/application/services/instance_graph_assembler_service.py; tools/experiment_ui.py; tools/sync_stats.py,sync-stats snapshot generation parameter.
sync_stats.enabled,sync_stats,input,advanced,1000,project_setup,Project Setup,Structure / Stats Source,always,,,,,tools/experiment_ui.py; tools/sync_stats.py,sync-stats snapshot generation parameter.
sync_stats.freshness_half_life_days,sync_stats,input,advanced,1000,project_setup,Project Setup,Structure / Stats Source,always,,,,,tools/experiment_ui.py; tools/sync_stats.py,sync-stats snapshot generation parameter.
sync_stats.process_filters,sync_stats,input,advanced,1000,project_setup,Project Setup,Structure / Stats Source,always,,,,,src/adapters/ingestion/camunda_bpmn_adapter.py; src/application/services/bpmn_structure_parser_service.py; src/domain/ports/camunda_bpmn_port.py; tools/experiment_ui.py; tools/ingest_topology.py; tools/simulate_versioned_log.py; tools/sync_stats.py; tools/sync_stats_backfill.py; tools/sync_topology.py,sync-stats snapshot generation parameter.
sync_stats.process_scope_policy,sync_stats,input,advanced,1000,project_setup,Project Setup,Structure / Stats Source,always,,,,,tools/experiment_ui.py; tools/sync_stats.py,sync-stats snapshot generation parameter.
sync_stats.quality_gate.enabled,sync_stats,eopkg,sync_stats,10,project_setup,Project Setup,Structure / Stats Source,always,,,false|true,True,,Enables producer-side quality gate in sync-stats.
sync_stats.quality_gate.min_history_coverage_percent,sync_stats,eopkg,sync_stats,15,project_setup,Project Setup,Structure / Stats Source,always,,,,0.0,src/domain/services/dynamic_graph_builder.py; tools/sync_stats.py,Minimal history coverage required by producer gate.
sync_stats.quality_gate.min_non_zero_ratio_overall,sync_stats,eopkg,sync_stats,14,project_setup,Project Setup,Structure / Stats Source,always,,,,0.0,src/domain/services/dynamic_graph_builder.py; tools/sync_stats.py,Minimal overall non-zero ratio required by producer gate.
sync_stats.quality_gate.on_fail,sync_stats,eopkg,sync_stats,11,project_setup,Project Setup,Structure / Stats Source,always,,,write_with_flag|skip_snapshot,write_with_flag,src/cli.py; src/domain/services/dynamic_graph_builder.py; tools/sync_stats.py,Action when producer quality thresholds are not met.
sync_stats.quality_gate.warn_on_fail,sync_stats,eopkg,sync_stats,12,project_setup,Project Setup,Structure / Stats Source,always,,,false|true,True,src/domain/services/dynamic_graph_builder.py; tools/sync_stats.py,Emit warning when producer quality gate fails.
sync_stats.quality_gate.zero_dominant_threshold,sync_stats,eopkg,sync_stats,13,project_setup,Project Setup,Structure / Stats Source,always,,,,0.95,src/domain/services/dynamic_graph_builder.py; tools/sync_stats.py,Threshold above which snapshot is considered zero-dominant.
sync_stats.show_progress,sync_stats,input,advanced,1000,project_setup,Project Setup,Structure / Stats Source,always,,,,,src/application/use_cases/trainer.py; src/cli.py; tools/experiment_ui.py; tools/sync_stats.py,sync-stats snapshot generation parameter.
sync_stats.stats_time_policy,sync_stats,input,advanced,1000,project_setup,Project Setup,Structure / Stats Source,always,,,,,src/application/use_cases/trainer.py; src/cli.py; src/domain/services/dynamic_graph_builder.py; tools/experiment_ui.py; tools/sync_stats.py,sync-stats snapshot generation parameter.
sync_stats.tenant_filters,sync_stats,input,advanced,1000,project_setup,Project Setup,Structure / Stats Source,always,,,,,src/adapters/ingestion/camunda_bpmn_adapter.py; tools/experiment_ui.py; tools/sync_stats.py; tools/sync_stats_backfill.py; tools/sync_topology.py,sync-stats snapshot generation parameter.
sync_stats.windows_days,sync_stats,input,advanced,1000,project_setup,Project Setup,Structure / Stats Source,always,,,,,tools/experiment_ui.py; tools/sync_stats.py,sync-stats snapshot generation parameter.
tracking.backend,tracking,general,advanced,1000,experiment_run,Experiment Run,Frequently Changed,always,,,mlflow,mlflow,src/application/services/topology_extractor_service.py; src/cli.py; src/infrastructure/repositories/file_based_knowledge_graph_repository.py; src/infrastructure/repositories/knowledge_graph_repository_factory.py; src/infrastructure/repositories/neo4j_knowledge_graph_repository.py; tools/experiment_ui.py; tools/ingest_topology.py; tools/sync_stats.py; tools/sync_topology.py; tools/visualize_graph.py; tools/visualize_topology.py,Tracking backend. Current supported value in this UI is mlflow.
tracking.enabled,tracking,general,advanced,1000,advanced,Advanced,Rarely Changed,always,,,,,tools/experiment_ui.py,Experiment tracking parameter.
tracking.tags.model_family,tracking,general,advanced,1000,advanced,Advanced,Rarely Changed,always,,,,,src/application/use_cases/trainer.py; src/cli.py; tools/experiment_ui.py,Experiment tracking parameter.
tracking.tags.stage,tracking,general,advanced,1000,advanced,Advanced,Rarely Changed,always,,,,,src/application/services/structural_trace_payload_builder.py; src/application/services/trace_sampling_policy.py; src/application/use_cases/trainer.py; src/cli.py; src/infrastructure/repositories/knowledge_graph_repository_factory.py; src/infrastructure/runtime/progress_events.py; tools/experiment_ui.py; tools/stage3_1_runtime_refresh.py,Experiment tracking parameter.
tracking.tracing.allow_nonzero_rank_fallback,tracking,general,advanced,1021,advanced,Advanced,Rarely Changed,always,,,false|true,False,src/cli.py; src/infrastructure/tracking/mlflow_trace_recorder.py,Allow nonzero distributed ranks to write separate JSONL fallback files.
tracking.tracing.enabled,tracking,general,advanced,1010,advanced,Advanced,Rarely Changed,always,,,false|true,False,,Enable selective structural prediction traces for qualitative debugging.
tracking.tracing.high_confidence_threshold,tracking,general,advanced,1017,advanced,Advanced,Rarely Changed,always,,,,0.8,src/application/services/trace_sampling_policy.py; src/application/use_cases/trainer.py,Confidence threshold for high-confidence error traces.
tracking.tracing.log_json_artifact_fallback,tracking,general,advanced,1020,advanced,Advanced,Rarely Changed,always,,,false|true,True,src/cli.py,Write trace events to a rank/PID-scoped JSONL fallback and log it as an artifact.
tracking.tracing.low_confidence_threshold,tracking,general,advanced,1018,advanced,Advanced,Rarely Changed,always,,,,0.4,src/application/services/trace_sampling_policy.py; src/application/use_cases/trainer.py,Confidence threshold for low-confidence correct traces.
tracking.tracing.max_traces_per_run,tracking,general,advanced,1013,advanced,Advanced,Rarely Changed,always,,,,80,src/application/services/trace_sampling_policy.py,Hard limit for recorded trace events in one run.
tracking.tracing.max_traces_per_stage,tracking,general,advanced,1014,advanced,Advanced,Rarely Changed,always,,,,40,src/application/services/trace_sampling_policy.py,Per-stage limit for recorded trace events.
tracking.tracing.max_traces_per_version,tracking,general,advanced,1015,advanced,Advanced,Rarely Changed,always,,,,10,src/application/services/trace_sampling_policy.py,Per process-version limit for recorded trace events.
tracking.tracing.random_sample_rate,tracking,general,advanced,1016,advanced,Advanced,Rarely Changed,always,,,,0.0,src/application/services/trace_sampling_policy.py,Probability for random trace sampling when sample_policy=random.
tracking.tracing.sample_policy,tracking,general,advanced,1012,advanced,Advanced,Rarely Changed,always,,,interesting|random|all,interesting,src/application/services/trace_sampling_policy.py,Selects which predictions become traces.
tracking.tracing.stages,tracking,general,advanced,1011,advanced,Advanced,Rarely Changed,always,,,,"test,eval_drift_one_pass",src/application/services/trace_sampling_policy.py,Comma-separated stages where selective traces may be recorded.
tracking.tracing.top_k,tracking,general,advanced,1019,advanced,Advanced,Rarely Changed,always,,,,5,src/application/services/structural_trace_payload_builder.py; src/application/services/trace_sampling_policy.py; src/application/use_cases/trainer.py,Number of top predicted classes included in trace payload.
tracking.uri,tracking,general,advanced,1000,experiment_run,Experiment Run,Frequently Changed,always,,,,,src/application/use_cases/trainer.py; src/cli.py; src/infrastructure/config/connection_resolver.py; src/infrastructure/repositories/knowledge_graph_repository_factory.py; src/infrastructure/repositories/neo4j_knowledge_graph_repository.py; src/infrastructure/tracking/mlflow_tracker.py; tools/experiment_ui.py,Experiment tracking parameter.
training.batch_size,training,general,advanced,1000,experiment_run,Experiment Run,Frequently Changed,always,,,,,src/application/use_cases/trainer.py; src/domain/models/base_gnn.py; src/domain/models/baseline_gat.py; src/domain/models/baseline_gcn.py; src/domain/models/eopkg_models.py; src/tools/inspect_data.py; tools/experiment_ui.py,Training loop hyperparameter.
training.candidate_batch_topology_policy,training,general,advanced,1016,advanced,general,advanced,always,,training.candidate_contract_mode=candidate_id,single_topology_required|group_by_topology,single_topology_required,,Batch topology policy for candidate_id mode. single_topology_required fails mixed manual batches; group_by_topology builds topology-homogeneous batches by process version and stats snapshot.
training.candidate_contract_mode,training,general,advanced,1015,advanced,general,advanced,always,,model.type=EOPKGTopologyConditioned,fixed_label|fixed_projection|candidate_id,fixed_label,,Prediction/loss contract. fixed_label uses the legacy fixed activity head; fixed_projection uses dynamic candidates projected back to fixed labels; candidate_id requires topology-homogeneous batches and is reserved for true candidate-level training/evaluation.
training.candidate_identity_mode,training,general,advanced,1017,advanced,general,advanced,always,,training.candidate_contract_mode=candidate_id,fixed_vocab_bridge|topology_native,topology_native,,Candidate identity contract for candidate_id mode. topology_native scores candidates from the current BPMN topology and maps unknown train-vocab labels as candidate_class_index=-1; fixed_vocab_bridge keeps legacy compatibility behavior.
training.candidate_missing_target_fail_threshold,training,general,advanced,1018,advanced,general,advanced,always,,training.candidate_contract_mode=candidate_id,,0.1,,Maximum allowed missing-target rate for candidate_id training before failing as a log/topology mapping error.
training.class_weight_cap,training,general,advanced,1000,advanced,Advanced,Rarely Changed,always,,,,,src/application/use_cases/trainer.py; src/cli.py; tools/experiment_ui.py,Training loop hyperparameter.
training.dataloader_num_workers,training,general,advanced,1000,advanced,Advanced,Rarely Changed,always,,,,0,src/application/use_cases/trainer.py; src/cli.py; tools/experiment_ui.py,Кількість паралельних воркерів для підготовки batch під час train/val/test. 0 = без мультипроцесності.
training.dataloader_persistent_workers,training,general,advanced,1000,advanced,Advanced,Rarely Changed,always,,,false|true,True,src/application/use_cases/trainer.py; tools/experiment_ui.py,"Якщо true, воркери не перезапускаються між епохами (працює лише коли workers > 0)."
training.dataloader_pin_memory,training,general,advanced,1000,advanced,Advanced,Rarely Changed,always,,,false|true,False,src/application/use_cases/trainer.py; src/cli.py; tools/experiment_ui.py,"Якщо true, батчі фіксуються в pinned RAM для швидшої передачі на GPU."
training.dataloader_prefetch_factor,training,general,advanced,1000,advanced,Advanced,Rarely Changed,always,,,,2,src/application/use_cases/trainer.py; tools/experiment_ui.py,Скільки майбутніх батчів наперед готує кожен воркер (працює лише коли workers > 0).
training.delta,training,general,advanced,1000,experiment_run,Experiment Run,Frequently Changed,always,,,,,src/adapters/ingestion/camunda_trace_adapter.py; src/adapters/ingestion/xes_adapter.py; src/application/services/instance_graph_assembler_service.py; src/application/use_cases/trainer.py; src/domain/models/eopkg_models.py; tools/experiment_ui.py; tools/graph_cache_cleaner.py; tools/simulate_versioned_log.py; tools/stage3_1_runtime_refresh.py; tools/sync_stats.py; tools/sync_stats_backfill.py; tools/visualize_graph.py,Training loop hyperparameter.
training.device,training,general,advanced,1000,experiment_run,Experiment Run,Frequently Changed,always,,,,,src/application/services/topology_conditioned_learning.py; src/application/services/topology_payload_pool.py; src/application/use_cases/trainer.py; src/cli.py; src/domain/models/baseline_gat.py; src/domain/models/baseline_gcn.py; src/domain/models/eopkg_models.py; src/tools/inspect_data.py; tools/experiment_ui.py,Training loop hyperparameter.
training.dynamic_candidate_contract_enabled,training,general,advanced,1014,advanced,general,advanced,always,,model.type=EOPKGTopologyConditioned,false|true,false,,Use model.forward_candidate() for EOPKGTopologyConditioned and train/evaluate through topology-local candidate logits projected back to fixed labels for compatibility.
training.ece_bins,training,general,advanced,1000,advanced,Advanced,Rarely Changed,always,,,,,src/application/use_cases/trainer.py; tools/experiment_ui.py,Training loop hyperparameter.
training.epochs,training,general,advanced,1000,experiment_run,Experiment Run,Frequently Changed,always,,,,,src/application/use_cases/trainer.py; src/cli.py; src/infrastructure/repositories/neo4j_knowledge_graph_repository.py; tools/experiment_ui.py,Training loop hyperparameter.
training.learning_rate,training,general,advanced,1000,experiment_run,Experiment Run,Frequently Changed,always,,,,,src/application/use_cases/trainer.py; tools/experiment_ui.py,Training loop hyperparameter.
training.learning_strategy,training,general,advanced,1013,experiment_run,Experiment Run,Frequently Changed,always,,,standard|topology_conditioned,standard,src/application/services/learning_strategy_config.py; src/application/use_cases/trainer.py,Trainer-level methodology. standard preserves current behavior; topology_conditioned adds train-time topology dependency objectives.
training.loss_function,training,general,advanced,1000,advanced,Advanced,Rarely Changed,always,,,,,src/application/use_cases/trainer.py; tools/experiment_ui.py,Training loop hyperparameter.
training.mask_guided_apply_in_eval,training,general,core,7,experiment_run,Experiment Run,Training Objective,always,,,false|true,true,src/application/use_cases/trainer.py,Apply mask-guided logits policy during eval/eval_drift inference.
training.mask_guided_hard_threshold,training,general,core,8,experiment_run,Experiment Run,Training Objective,always,,,,1.0,src/application/use_cases/trainer.py,Use hard masking when estimated target_in_mask_rate is at or above this threshold.
training.mask_guided_min_samples_for_hard,training,general,advanced,1000,experiment_run,Experiment Run,Training Objective,always,,,,1,src/application/use_cases/trainer.py,Minimum observed samples before enabling hard masking from reliability estimate.
training.mask_guided_soft_penalty,training,general,core,9,experiment_run,Experiment Run,Training Objective,always,,,,2.0,src/application/use_cases/trainer.py,Logit penalty applied to disallowed classes in soft mode.
training.patience,training,general,advanced,1000,experiment_run,Experiment Run,Frequently Changed,always,,,,,src/application/use_cases/trainer.py; tools/experiment_ui.py,Training loop hyperparameter.
training.retrain,training,legacy,deprecated,9999,experiment_run,Experiment Run,Frequently Changed,always,,,false|true,,src/application/use_cases/trainer.py; src/cli.py; tools/experiment_ui.py,Training loop hyperparameter.
training.show_progress,training,general,advanced,1000,advanced,Advanced,Rarely Changed,always,,,,,src/application/use_cases/trainer.py; src/cli.py; tools/experiment_ui.py; tools/sync_stats.py,Training loop hyperparameter.
training.struct_xattn_contrastive_enabled,training,general,advanced,1004,advanced,Advanced,Conditional Fine Tune,always,,model.fusion_mode=StructXAttn,false|true,false,src/application/services/learning_strategy_config.py; src/application/use_cases/trainer.py,Enable correct-vs-corrupted topology loss for StructXAttn.
training.struct_xattn_contrastive_margin,training,general,advanced,1006,advanced,Advanced,Conditional Fine Tune,always,,training.struct_xattn_contrastive_enabled=true,,0.05,src/application/use_cases/trainer.py,Required CE advantage of correct topology over corrupted topology.
training.struct_xattn_contrastive_max_loss,training,general,advanced,1008,advanced,Advanced,Conditional Fine Tune,always,,training.struct_xattn_contrastive_enabled=true,,0.5,src/application/use_cases/trainer.py,Upper clamp for one-batch contrastive loss before weighting.
training.struct_xattn_contrastive_temperature,training,general,advanced,1007,advanced,Advanced,Conditional Fine Tune,always,,training.struct_xattn_contrastive_enabled=true,,0.1,src/application/use_cases/trainer.py,Softplus temperature for smoothed contrastive margin.
training.struct_xattn_contrastive_warmup_epochs,training,general,advanced,1009,advanced,Advanced,Conditional Fine Tune,always,,training.struct_xattn_contrastive_enabled=true,,3,src/application/use_cases/trainer.py,Number of initial epochs before enabling corrupted-topology forward.
training.struct_xattn_contrastive_weight,training,general,advanced,1005,advanced,Advanced,Conditional Fine Tune,always,,training.struct_xattn_contrastive_enabled=true,,0.03,src/application/use_cases/trainer.py,Weight for smoothed correct-vs-corrupted topology contrastive loss.
training.struct_xattn_corruption_edge_drop_prob,training,general,advanced,1011,advanced,Advanced,Conditional Fine Tune,always,,training.struct_xattn_contrastive_enabled=true; training.struct_xattn_corruption_policy=edge_drop,,0.15,src/application/use_cases/trainer.py,Probability of dropping each structural edge in the corrupted topology view.
training.struct_xattn_corruption_feature_noise_std,training,general,advanced,1012,advanced,Advanced,Conditional Fine Tune,always,,training.struct_xattn_contrastive_enabled=true,,0.0,src/application/use_cases/trainer.py,Gaussian noise std added to struct_x in the corrupted topology view.
training.struct_xattn_corruption_policy,training,general,advanced,1010,advanced,Advanced,Conditional Fine Tune,always,,training.struct_xattn_contrastive_enabled=true,none|edge_drop|feature_noise|edge_drop_plus_feature_noise,edge_drop,src/application/use_cases/trainer.py,Tensor-level structural corruption used as the negative topology view.
training.structural_aux_exact_loss_weight,training,general,advanced,1003,experiment_run,Experiment Run,Training Objective,always,,training.structural_aux_loss_enabled=true,,0.01,src/application/use_cases/trainer.py,Small exact CE component for structural logits.
training.structural_aux_loss_enabled,training,general,advanced,1001,experiment_run,Experiment Run,Training Objective,always,,model.fusion_mode=ClassAwareStructuralScoring,false|true,false,src/application/use_cases/trainer.py,Enable auxiliary loss on class-aware structural logits.
training.structural_aux_loss_weight,training,general,advanced,1002,experiment_run,Experiment Run,Training Objective,always,,training.structural_aux_loss_enabled=true,,0.05,src/application/use_cases/trainer.py,Weight for set-aware CE over allowed target candidates using structural logits.
training.topology_conditioning_allowed_set_loss_enabled,training,general,advanced,1021,experiment_run,Experiment Run,Learning Strategy,always,,training.learning_strategy=topology_conditioned,false|true,true,src/application/services/learning_strategy_config.py; src/application/use_cases/trainer.py,Enable train-time topology consistency loss over allowed target candidates.
training.topology_conditioning_allowed_set_loss_weight,training,general,advanced,1022,experiment_run,Experiment Run,Learning Strategy,always,,training.topology_conditioning_allowed_set_loss_enabled=true,,0.05,src/application/services/learning_strategy_config.py,Weight for topology allowed-set loss.
training.topology_conditioning_current_version_policy,training,general,advanced,1025,experiment_run,Experiment Run,Learning Strategy,always,,training.topology_conditioning_retention_enabled=true,latest_in_train,latest_in_train,src/application/services/learning_strategy_config.py,Rule for identifying the current/latest seen version in retention weighting.
training.topology_conditioning_drop_edges_margin,training,general,advanced,1019,experiment_run,Experiment Run,Learning Strategy,always,,training.topology_conditioning_drop_edges_negative_enabled=true,,0.1,src/application/services/learning_strategy_config.py,Required CE gap between correct topology and dropped-edge topology.
training.topology_conditioning_drop_edges_negative_enabled,training,general,advanced,1017,experiment_run,Experiment Run,Learning Strategy,always,,training.learning_strategy=topology_conditioned,false|true,true,src/application/services/learning_strategy_config.py,Enable same-version physically dropped structural edge negative loss.
training.topology_conditioning_drop_edges_negative_weight,training,general,advanced,1018,experiment_run,Experiment Run,Learning Strategy,always,,training.topology_conditioning_drop_edges_negative_enabled=true,,0.05,src/application/services/learning_strategy_config.py,Weight for same-version dropped-edge topology negative margin loss.
training.topology_conditioning_drop_edges_ratio,training,general,advanced,1020,experiment_run,Experiment Run,Learning Strategy,always,,training.topology_conditioning_drop_edges_negative_enabled=true,,0.15,src/application/services/learning_strategy_config.py,Fraction of structural edges physically removed in the negative topology view.
training.topology_conditioning_retention_enabled,training,general,advanced,1023,experiment_run,Experiment Run,Learning Strategy,always,,training.learning_strategy=topology_conditioned,false|true,true,src/application/services/learning_strategy_config.py,Enable version-weighted CE/rehearsal for already seen versions.
training.topology_conditioning_retention_obsolete_weight,training,general,advanced,1029,experiment_run,Experiment Run,Learning Strategy,always,,training.topology_conditioning_retention_enabled=true,,0.0,src/application/services/learning_strategy_config.py,Reserved weight for versions considered obsolete by future policies.
training.topology_conditioning_retention_old_weight,training,general,advanced,1028,experiment_run,Experiment Run,Learning Strategy,always,,training.topology_conditioning_retention_enabled=true,,0.15,src/application/services/learning_strategy_config.py,Sample weight for older seen versions outside the recent window.
training.topology_conditioning_retention_policy,training,general,advanced,1024,experiment_run,Experiment Run,Learning Strategy,always,,training.topology_conditioning_retention_enabled=true,version_decay,version_decay,src/application/services/learning_strategy_config.py,Policy for per-version retention sample weights.
training.topology_conditioning_retention_recent_versions,training,general,advanced,1026,experiment_run,Experiment Run,Learning Strategy,always,,training.topology_conditioning_retention_enabled=true,,1,src/application/services/learning_strategy_config.py,Number of previous versions treated as recent for retention weighting.
training.topology_conditioning_retention_recent_weight,training,general,advanced,1027,experiment_run,Experiment Run,Learning Strategy,always,,training.topology_conditioning_retention_enabled=true,,0.5,src/application/services/learning_strategy_config.py,Sample weight for recent previous versions.
training.topology_conditioning_wrong_version_margin,training,general,advanced,1016,experiment_run,Experiment Run,Learning Strategy,always,,training.topology_conditioning_wrong_version_negative_enabled=true,,0.2,src/application/services/learning_strategy_config.py,Required CE gap between correct topology and wrong known-version topology.
training.topology_conditioning_wrong_version_negative_enabled,training,general,advanced,1014,experiment_run,Experiment Run,Learning Strategy,always,,training.learning_strategy=topology_conditioned,false|true,true,src/application/services/learning_strategy_config.py,Enable known wrong-version topology negative loss for topology_conditioned learning.
training.topology_conditioning_wrong_version_negative_weight,training,general,advanced,1015,experiment_run,Experiment Run,Learning Strategy,always,,training.topology_conditioning_wrong_version_negative_enabled=true,,0.1,src/application/services/learning_strategy_config.py,Weight for wrong-version topology negative margin loss.
training.topology_flow_penalty_enabled,training,general,advanced,1023,advanced,general,advanced,always,,training.candidate_contract_mode=candidate_id,false|true,false,,Enable candidate-level topology-flow penalty for candidate_id training. Uses topology-local candidates projected from the current allowed_target_mask.
training.topology_flow_penalty_fail_on_missing_mask,training,general,advanced,1027,advanced,general,advanced,always,,training.topology_flow_penalty_enabled=true,false|true,true,,Fail candidate_id training when topology_flow_penalty_enabled but allowed_target_mask is missing.
training.topology_flow_penalty_margin,training,general,advanced,1026,advanced,general,advanced,always,,training.topology_flow_penalty_type=margin,,0.1,,Margin used when topology_flow_penalty_type=margin.
training.topology_flow_penalty_type,training,general,advanced,1025,advanced,general,advanced,always,,training.topology_flow_penalty_enabled=true,invalid_probability_mass|margin,invalid_probability_mass,,Penalty objective for invalid topology-flow candidates. invalid_probability_mass is bounded and stable; margin enforces invalid logits below valid logits.
training.topology_flow_penalty_weight,training,general,advanced,1024,advanced,general,advanced,always,,training.topology_flow_penalty_enabled=true,,0.0,,Weight for candidate-level topology-flow penalty.
training.torch_num_interop_threads,training,general,advanced,1000,advanced,Advanced,Rarely Changed,always,,,,,src/cli.py; tools/experiment_ui.py,Кількість inter-op потоків PyTorch для паралелізації між операціями. Порожнє значення = системний дефолт.
training.torch_num_threads,training,general,advanced,1000,advanced,Advanced,Rarely Changed,always,,,,,src/cli.py; tools/experiment_ui.py,Обмеження для кількості внутрішніх CPU потоків PyTorch (intra-op). Порожнє значення = системний дефолт.
training.tqdm_disable,training,general,advanced,1000,advanced,Advanced,Rarely Changed,always,,,,,src/application/use_cases/trainer.py; src/cli.py; tools/experiment_ui.py,Training loop hyperparameter.
training.tqdm_leave,training,general,advanced,1000,advanced,Advanced,Rarely Changed,always,,,,,src/application/use_cases/trainer.py; tools/experiment_ui.py,Training loop hyperparameter.
