metric,paper_model,mean,std,n,aggregation_scope,run_ids
drift_window_ambiguous_prefix_rate,GATv2,0.264,0.000,7,last,2ab927c10aa14ff6b86c7fca2ad45124;3051886070c24e56a1c92b9744c3f878;68f65e2c19124e4390ab569ec7625714;6da86c9f8a8745ddb59c64a7e23ad129;bf6da114c8534a8eb85cf5a9d296cb1c;d1400b7f5cee485485c75935ba0856fe;e03f160a63b34907b648e6b29b051f93
drift_window_ambiguous_prefix_rate,GATv2+Mask,0.264,0.000,7,last,06057a9f5a6b49bfa0e90be8b7e75335;12b3cd3839304ec8b94eb6981911efc7;302fb003f78d468b867a9477e40e9d50;33779343e67645c4b55e0ec2d2f81c0a;92cf23d2a12240eeafc5b9991933f8e4;969f6444b8874e8abe26653037a5a68b;fdb211eedaa9490ba726c4e7ddfbdb2c
drift_window_ambiguous_prefix_rate,LSTM,0.264,0.000,7,last,27d845ee73b648a3a49992c21b7d59c7;2ed18155ee434ea6ba7e4e6115126a4b;947216b4af334db88539b25462b18624;c0522b44b1764d5086add47291774d05;e35ad47b0b2c402aad5b87be01d9b6c8;e5a9a25b43a74f4eac32cd72797d2a60;f6c4ddc23599407f882f9d237f19c6e0
drift_window_ambiguous_prefix_rate,EOPKG-WI,0.825,0.000,7,last,090ed1f9329c470dacabe8e87cad00e7;431a79f4e8044d2987d5f97c90a221c6;52976b78cd13459d8aeef2428f0736f8;5f855ce1446645a4a4d52a5b3c12507f;abeddbdce5fb4e07927dd4e9a3fc9b45;e7fd057f4ac7491fa634134d5ae646f1;edd97efded1f4ee08e676233e55461b9
drift_window_ambiguous_prefix_rate,EOPKG,0.825,0.000,7,last,210a1a668a5649d1b5ff4f4adc5fb93b;4817ad917cbf4f558457cc61fa97af1c;8a1baf464cd646e4910f642c7181071d;b739aca822a14a1cbd642cd4ac692d17;ccb2bb84de7346c3b83974ea37cf2fe9;e53ccb9930de4f7bb9b8aac4b4105174;e61540633e6547ed8c59bb28154d4917
drift_window_end_ts,GATv2,1750511436.392,0.000,7,last,2ab927c10aa14ff6b86c7fca2ad45124;3051886070c24e56a1c92b9744c3f878;68f65e2c19124e4390ab569ec7625714;6da86c9f8a8745ddb59c64a7e23ad129;bf6da114c8534a8eb85cf5a9d296cb1c;d1400b7f5cee485485c75935ba0856fe;e03f160a63b34907b648e6b29b051f93
drift_window_end_ts,GATv2+Mask,1750511436.392,0.000,7,last,06057a9f5a6b49bfa0e90be8b7e75335;12b3cd3839304ec8b94eb6981911efc7;302fb003f78d468b867a9477e40e9d50;33779343e67645c4b55e0ec2d2f81c0a;92cf23d2a12240eeafc5b9991933f8e4;969f6444b8874e8abe26653037a5a68b;fdb211eedaa9490ba726c4e7ddfbdb2c
drift_window_end_ts,LSTM,1750511436.392,0.000,7,last,27d845ee73b648a3a49992c21b7d59c7;2ed18155ee434ea6ba7e4e6115126a4b;947216b4af334db88539b25462b18624;c0522b44b1764d5086add47291774d05;e35ad47b0b2c402aad5b87be01d9b6c8;e5a9a25b43a74f4eac32cd72797d2a60;f6c4ddc23599407f882f9d237f19c6e0
drift_window_end_ts,EOPKG-WI,1750511436.392,0.000,7,last,090ed1f9329c470dacabe8e87cad00e7;431a79f4e8044d2987d5f97c90a221c6;52976b78cd13459d8aeef2428f0736f8;5f855ce1446645a4a4d52a5b3c12507f;abeddbdce5fb4e07927dd4e9a3fc9b45;e7fd057f4ac7491fa634134d5ae646f1;edd97efded1f4ee08e676233e55461b9
drift_window_end_ts,EOPKG,1750511436.392,0.000,7,last,210a1a668a5649d1b5ff4f4adc5fb93b;4817ad917cbf4f558457cc61fa97af1c;8a1baf464cd646e4910f642c7181071d;b739aca822a14a1cbd642cd4ac692d17;ccb2bb84de7346c3b83974ea37cf2fe9;e53ccb9930de4f7bb9b8aac4b4105174;e61540633e6547ed8c59bb28154d4917
drift_window_macro_f1,GATv2,0.280,0.032,7,last,2ab927c10aa14ff6b86c7fca2ad45124;3051886070c24e56a1c92b9744c3f878;68f65e2c19124e4390ab569ec7625714;6da86c9f8a8745ddb59c64a7e23ad129;bf6da114c8534a8eb85cf5a9d296cb1c;d1400b7f5cee485485c75935ba0856fe;e03f160a63b34907b648e6b29b051f93
drift_window_macro_f1,GATv2+Mask,0.518,0.014,7,last,06057a9f5a6b49bfa0e90be8b7e75335;12b3cd3839304ec8b94eb6981911efc7;302fb003f78d468b867a9477e40e9d50;33779343e67645c4b55e0ec2d2f81c0a;92cf23d2a12240eeafc5b9991933f8e4;969f6444b8874e8abe26653037a5a68b;fdb211eedaa9490ba726c4e7ddfbdb2c
drift_window_macro_f1,LSTM,0.218,0.080,7,last,27d845ee73b648a3a49992c21b7d59c7;2ed18155ee434ea6ba7e4e6115126a4b;947216b4af334db88539b25462b18624;c0522b44b1764d5086add47291774d05;e35ad47b0b2c402aad5b87be01d9b6c8;e5a9a25b43a74f4eac32cd72797d2a60;f6c4ddc23599407f882f9d237f19c6e0
drift_window_macro_f1,EOPKG-WI,0.416,0.036,7,last,090ed1f9329c470dacabe8e87cad00e7;431a79f4e8044d2987d5f97c90a221c6;52976b78cd13459d8aeef2428f0736f8;5f855ce1446645a4a4d52a5b3c12507f;abeddbdce5fb4e07927dd4e9a3fc9b45;e7fd057f4ac7491fa634134d5ae646f1;edd97efded1f4ee08e676233e55461b9
drift_window_macro_f1,EOPKG,0.777,0.058,7,last,210a1a668a5649d1b5ff4f4adc5fb93b;4817ad917cbf4f558457cc61fa97af1c;8a1baf464cd646e4910f642c7181071d;b739aca822a14a1cbd642cd4ac692d17;ccb2bb84de7346c3b83974ea37cf2fe9;e53ccb9930de4f7bb9b8aac4b4105174;e61540633e6547ed8c59bb28154d4917
drift_window_oos_confidence_mean,GATv2,0.808,0.078,7,last,2ab927c10aa14ff6b86c7fca2ad45124;3051886070c24e56a1c92b9744c3f878;68f65e2c19124e4390ab569ec7625714;6da86c9f8a8745ddb59c64a7e23ad129;bf6da114c8534a8eb85cf5a9d296cb1c;d1400b7f5cee485485c75935ba0856fe;e03f160a63b34907b648e6b29b051f93
drift_window_oos_confidence_mean,GATv2+Mask,0.676,0.149,7,last,06057a9f5a6b49bfa0e90be8b7e75335;12b3cd3839304ec8b94eb6981911efc7;302fb003f78d468b867a9477e40e9d50;33779343e67645c4b55e0ec2d2f81c0a;92cf23d2a12240eeafc5b9991933f8e4;969f6444b8874e8abe26653037a5a68b;fdb211eedaa9490ba726c4e7ddfbdb2c
drift_window_oos_confidence_mean,LSTM,0.669,0.078,7,last,27d845ee73b648a3a49992c21b7d59c7;2ed18155ee434ea6ba7e4e6115126a4b;947216b4af334db88539b25462b18624;c0522b44b1764d5086add47291774d05;e35ad47b0b2c402aad5b87be01d9b6c8;e5a9a25b43a74f4eac32cd72797d2a60;f6c4ddc23599407f882f9d237f19c6e0
drift_window_oos_confidence_mean,EOPKG-WI,0.467,0.113,7,last,090ed1f9329c470dacabe8e87cad00e7;431a79f4e8044d2987d5f97c90a221c6;52976b78cd13459d8aeef2428f0736f8;5f855ce1446645a4a4d52a5b3c12507f;abeddbdce5fb4e07927dd4e9a3fc9b45;e7fd057f4ac7491fa634134d5ae646f1;edd97efded1f4ee08e676233e55461b9
drift_window_oos_confidence_mean,EOPKG,0.107,0.035,7,last,210a1a668a5649d1b5ff4f4adc5fb93b;4817ad917cbf4f558457cc61fa97af1c;8a1baf464cd646e4910f642c7181071d;b739aca822a14a1cbd642cd4ac692d17;ccb2bb84de7346c3b83974ea37cf2fe9;e53ccb9930de4f7bb9b8aac4b4105174;e61540633e6547ed8c59bb28154d4917
drift_window_pred_in_mask_rate,GATv2,0.397,0.045,7,last,2ab927c10aa14ff6b86c7fca2ad45124;3051886070c24e56a1c92b9744c3f878;68f65e2c19124e4390ab569ec7625714;6da86c9f8a8745ddb59c64a7e23ad129;bf6da114c8534a8eb85cf5a9d296cb1c;d1400b7f5cee485485c75935ba0856fe;e03f160a63b34907b648e6b29b051f93
drift_window_pred_in_mask_rate,GATv2+Mask,0.600,0.000,7,last,06057a9f5a6b49bfa0e90be8b7e75335;12b3cd3839304ec8b94eb6981911efc7;302fb003f78d468b867a9477e40e9d50;33779343e67645c4b55e0ec2d2f81c0a;92cf23d2a12240eeafc5b9991933f8e4;969f6444b8874e8abe26653037a5a68b;fdb211eedaa9490ba726c4e7ddfbdb2c
drift_window_pred_in_mask_rate,LSTM,0.310,0.110,7,last,27d845ee73b648a3a49992c21b7d59c7;2ed18155ee434ea6ba7e4e6115126a4b;947216b4af334db88539b25462b18624;c0522b44b1764d5086add47291774d05;e35ad47b0b2c402aad5b87be01d9b6c8;e5a9a25b43a74f4eac32cd72797d2a60;f6c4ddc23599407f882f9d237f19c6e0
drift_window_pred_in_mask_rate,EOPKG-WI,0.495,0.059,7,last,090ed1f9329c470dacabe8e87cad00e7;431a79f4e8044d2987d5f97c90a221c6;52976b78cd13459d8aeef2428f0736f8;5f855ce1446645a4a4d52a5b3c12507f;abeddbdce5fb4e07927dd4e9a3fc9b45;e7fd057f4ac7491fa634134d5ae646f1;edd97efded1f4ee08e676233e55461b9
drift_window_pred_in_mask_rate,EOPKG,0.879,0.031,7,last,210a1a668a5649d1b5ff4f4adc5fb93b;4817ad917cbf4f558457cc61fa97af1c;8a1baf464cd646e4910f642c7181071d;b739aca822a14a1cbd642cd4ac692d17;ccb2bb84de7346c3b83974ea37cf2fe9;e53ccb9930de4f7bb9b8aac4b4105174;e61540633e6547ed8c59bb28154d4917
drift_window_start_ts,GATv2,1748467944.749,0.000,7,last,2ab927c10aa14ff6b86c7fca2ad45124;3051886070c24e56a1c92b9744c3f878;68f65e2c19124e4390ab569ec7625714;6da86c9f8a8745ddb59c64a7e23ad129;bf6da114c8534a8eb85cf5a9d296cb1c;d1400b7f5cee485485c75935ba0856fe;e03f160a63b34907b648e6b29b051f93
drift_window_start_ts,GATv2+Mask,1748467944.749,0.000,7,last,06057a9f5a6b49bfa0e90be8b7e75335;12b3cd3839304ec8b94eb6981911efc7;302fb003f78d468b867a9477e40e9d50;33779343e67645c4b55e0ec2d2f81c0a;92cf23d2a12240eeafc5b9991933f8e4;969f6444b8874e8abe26653037a5a68b;fdb211eedaa9490ba726c4e7ddfbdb2c
drift_window_start_ts,LSTM,1748467944.749,0.000,7,last,27d845ee73b648a3a49992c21b7d59c7;2ed18155ee434ea6ba7e4e6115126a4b;947216b4af334db88539b25462b18624;c0522b44b1764d5086add47291774d05;e35ad47b0b2c402aad5b87be01d9b6c8;e5a9a25b43a74f4eac32cd72797d2a60;f6c4ddc23599407f882f9d237f19c6e0
drift_window_start_ts,EOPKG-WI,1748467944.749,0.000,7,last,090ed1f9329c470dacabe8e87cad00e7;431a79f4e8044d2987d5f97c90a221c6;52976b78cd13459d8aeef2428f0736f8;5f855ce1446645a4a4d52a5b3c12507f;abeddbdce5fb4e07927dd4e9a3fc9b45;e7fd057f4ac7491fa634134d5ae646f1;edd97efded1f4ee08e676233e55461b9
drift_window_start_ts,EOPKG,1748467944.749,0.000,7,last,210a1a668a5649d1b5ff4f4adc5fb93b;4817ad917cbf4f558457cc61fa97af1c;8a1baf464cd646e4910f642c7181071d;b739aca822a14a1cbd642cd4ac692d17;ccb2bb84de7346c3b83974ea37cf2fe9;e53ccb9930de4f7bb9b8aac4b4105174;e61540633e6547ed8c59bb28154d4917
drift_window_strict_error_but_allowed_rate,GATv2,0.079,0.025,7,last,2ab927c10aa14ff6b86c7fca2ad45124;3051886070c24e56a1c92b9744c3f878;68f65e2c19124e4390ab569ec7625714;6da86c9f8a8745ddb59c64a7e23ad129;bf6da114c8534a8eb85cf5a9d296cb1c;d1400b7f5cee485485c75935ba0856fe;e03f160a63b34907b648e6b29b051f93
drift_window_strict_error_but_allowed_rate,GATv2+Mask,0.150,0.018,7,last,06057a9f5a6b49bfa0e90be8b7e75335;12b3cd3839304ec8b94eb6981911efc7;302fb003f78d468b867a9477e40e9d50;33779343e67645c4b55e0ec2d2f81c0a;92cf23d2a12240eeafc5b9991933f8e4;969f6444b8874e8abe26653037a5a68b;fdb211eedaa9490ba726c4e7ddfbdb2c
drift_window_strict_error_but_allowed_rate,LSTM,0.060,0.023,7,last,27d845ee73b648a3a49992c21b7d59c7;2ed18155ee434ea6ba7e4e6115126a4b;947216b4af334db88539b25462b18624;c0522b44b1764d5086add47291774d05;e35ad47b0b2c402aad5b87be01d9b6c8;e5a9a25b43a74f4eac32cd72797d2a60;f6c4ddc23599407f882f9d237f19c6e0
drift_window_strict_error_but_allowed_rate,EOPKG-WI,0.165,0.048,7,last,090ed1f9329c470dacabe8e87cad00e7;431a79f4e8044d2987d5f97c90a221c6;52976b78cd13459d8aeef2428f0736f8;5f855ce1446645a4a4d52a5b3c12507f;abeddbdce5fb4e07927dd4e9a3fc9b45;e7fd057f4ac7491fa634134d5ae646f1;edd97efded1f4ee08e676233e55461b9
drift_window_strict_error_but_allowed_rate,EOPKG,0.360,0.046,7,last,210a1a668a5649d1b5ff4f4adc5fb93b;4817ad917cbf4f558457cc61fa97af1c;8a1baf464cd646e4910f642c7181071d;b739aca822a14a1cbd642cd4ac692d17;ccb2bb84de7346c3b83974ea37cf2fe9;e53ccb9930de4f7bb9b8aac4b4105174;e61540633e6547ed8c59bb28154d4917
drift_window_strict_macro_f1,GATv2,0.213,0.020,7,last,2ab927c10aa14ff6b86c7fca2ad45124;3051886070c24e56a1c92b9744c3f878;68f65e2c19124e4390ab569ec7625714;6da86c9f8a8745ddb59c64a7e23ad129;bf6da114c8534a8eb85cf5a9d296cb1c;d1400b7f5cee485485c75935ba0856fe;e03f160a63b34907b648e6b29b051f93
drift_window_strict_macro_f1,GATv2+Mask,0.337,0.013,7,last,06057a9f5a6b49bfa0e90be8b7e75335;12b3cd3839304ec8b94eb6981911efc7;302fb003f78d468b867a9477e40e9d50;33779343e67645c4b55e0ec2d2f81c0a;92cf23d2a12240eeafc5b9991933f8e4;969f6444b8874e8abe26653037a5a68b;fdb211eedaa9490ba726c4e7ddfbdb2c
drift_window_strict_macro_f1,LSTM,0.162,0.062,7,last,27d845ee73b648a3a49992c21b7d59c7;2ed18155ee434ea6ba7e4e6115126a4b;947216b4af334db88539b25462b18624;c0522b44b1764d5086add47291774d05;e35ad47b0b2c402aad5b87be01d9b6c8;e5a9a25b43a74f4eac32cd72797d2a60;f6c4ddc23599407f882f9d237f19c6e0
drift_window_strict_macro_f1,EOPKG-WI,0.246,0.023,7,last,090ed1f9329c470dacabe8e87cad00e7;431a79f4e8044d2987d5f97c90a221c6;52976b78cd13459d8aeef2428f0736f8;5f855ce1446645a4a4d52a5b3c12507f;abeddbdce5fb4e07927dd4e9a3fc9b45;e7fd057f4ac7491fa634134d5ae646f1;edd97efded1f4ee08e676233e55461b9
drift_window_strict_macro_f1,EOPKG,0.451,0.055,7,last,210a1a668a5649d1b5ff4f4adc5fb93b;4817ad917cbf4f558457cc61fa97af1c;8a1baf464cd646e4910f642c7181071d;b739aca822a14a1cbd642cd4ac692d17;ccb2bb84de7346c3b83974ea37cf2fe9;e53ccb9930de4f7bb9b8aac4b4105174;e61540633e6547ed8c59bb28154d4917
drift_window_target_in_mask_rate,GATv2,0.537,0.000,7,last,2ab927c10aa14ff6b86c7fca2ad45124;3051886070c24e56a1c92b9744c3f878;68f65e2c19124e4390ab569ec7625714;6da86c9f8a8745ddb59c64a7e23ad129;bf6da114c8534a8eb85cf5a9d296cb1c;d1400b7f5cee485485c75935ba0856fe;e03f160a63b34907b648e6b29b051f93
drift_window_target_in_mask_rate,GATv2+Mask,0.537,0.000,7,last,06057a9f5a6b49bfa0e90be8b7e75335;12b3cd3839304ec8b94eb6981911efc7;302fb003f78d468b867a9477e40e9d50;33779343e67645c4b55e0ec2d2f81c0a;92cf23d2a12240eeafc5b9991933f8e4;969f6444b8874e8abe26653037a5a68b;fdb211eedaa9490ba726c4e7ddfbdb2c
drift_window_target_in_mask_rate,LSTM,0.537,0.000,7,last,27d845ee73b648a3a49992c21b7d59c7;2ed18155ee434ea6ba7e4e6115126a4b;947216b4af334db88539b25462b18624;c0522b44b1764d5086add47291774d05;e35ad47b0b2c402aad5b87be01d9b6c8;e5a9a25b43a74f4eac32cd72797d2a60;f6c4ddc23599407f882f9d237f19c6e0
drift_window_target_in_mask_rate,EOPKG-WI,0.664,0.000,7,last,090ed1f9329c470dacabe8e87cad00e7;431a79f4e8044d2987d5f97c90a221c6;52976b78cd13459d8aeef2428f0736f8;5f855ce1446645a4a4d52a5b3c12507f;abeddbdce5fb4e07927dd4e9a3fc9b45;e7fd057f4ac7491fa634134d5ae646f1;edd97efded1f4ee08e676233e55461b9
drift_window_target_in_mask_rate,EOPKG,0.664,0.000,7,last,210a1a668a5649d1b5ff4f4adc5fb93b;4817ad917cbf4f558457cc61fa97af1c;8a1baf464cd646e4910f642c7181071d;b739aca822a14a1cbd642cd4ac692d17;ccb2bb84de7346c3b83974ea37cf2fe9;e53ccb9930de4f7bb9b8aac4b4105174;e61540633e6547ed8c59bb28154d4917
drift_window_test_ece,GATv2,0.467,0.053,7,last,2ab927c10aa14ff6b86c7fca2ad45124;3051886070c24e56a1c92b9744c3f878;68f65e2c19124e4390ab569ec7625714;6da86c9f8a8745ddb59c64a7e23ad129;bf6da114c8534a8eb85cf5a9d296cb1c;d1400b7f5cee485485c75935ba0856fe;e03f160a63b34907b648e6b29b051f93
drift_window_test_ece,GATv2+Mask,0.328,0.066,7,last,06057a9f5a6b49bfa0e90be8b7e75335;12b3cd3839304ec8b94eb6981911efc7;302fb003f78d468b867a9477e40e9d50;33779343e67645c4b55e0ec2d2f81c0a;92cf23d2a12240eeafc5b9991933f8e4;969f6444b8874e8abe26653037a5a68b;fdb211eedaa9490ba726c4e7ddfbdb2c
drift_window_test_ece,LSTM,0.425,0.052,7,last,27d845ee73b648a3a49992c21b7d59c7;2ed18155ee434ea6ba7e4e6115126a4b;947216b4af334db88539b25462b18624;c0522b44b1764d5086add47291774d05;e35ad47b0b2c402aad5b87be01d9b6c8;e5a9a25b43a74f4eac32cd72797d2a60;f6c4ddc23599407f882f9d237f19c6e0
drift_window_test_ece,EOPKG-WI,0.233,0.072,7,last,090ed1f9329c470dacabe8e87cad00e7;431a79f4e8044d2987d5f97c90a221c6;52976b78cd13459d8aeef2428f0736f8;5f855ce1446645a4a4d52a5b3c12507f;abeddbdce5fb4e07927dd4e9a3fc9b45;e7fd057f4ac7491fa634134d5ae646f1;edd97efded1f4ee08e676233e55461b9
drift_window_test_ece,EOPKG,0.187,0.044,7,last,210a1a668a5649d1b5ff4f4adc5fb93b;4817ad917cbf4f558457cc61fa97af1c;8a1baf464cd646e4910f642c7181071d;b739aca822a14a1cbd642cd4ac692d17;ccb2bb84de7346c3b83974ea37cf2fe9;e53ccb9930de4f7bb9b8aac4b4105174;e61540633e6547ed8c59bb28154d4917
drift_window_test_oos,GATv2,0.603,0.045,7,last,2ab927c10aa14ff6b86c7fca2ad45124;3051886070c24e56a1c92b9744c3f878;68f65e2c19124e4390ab569ec7625714;6da86c9f8a8745ddb59c64a7e23ad129;bf6da114c8534a8eb85cf5a9d296cb1c;d1400b7f5cee485485c75935ba0856fe;e03f160a63b34907b648e6b29b051f93
drift_window_test_oos,GATv2+Mask,0.400,0.000,7,last,06057a9f5a6b49bfa0e90be8b7e75335;12b3cd3839304ec8b94eb6981911efc7;302fb003f78d468b867a9477e40e9d50;33779343e67645c4b55e0ec2d2f81c0a;92cf23d2a12240eeafc5b9991933f8e4;969f6444b8874e8abe26653037a5a68b;fdb211eedaa9490ba726c4e7ddfbdb2c
drift_window_test_oos,LSTM,0.690,0.110,7,last,27d845ee73b648a3a49992c21b7d59c7;2ed18155ee434ea6ba7e4e6115126a4b;947216b4af334db88539b25462b18624;c0522b44b1764d5086add47291774d05;e35ad47b0b2c402aad5b87be01d9b6c8;e5a9a25b43a74f4eac32cd72797d2a60;f6c4ddc23599407f882f9d237f19c6e0
drift_window_test_oos,EOPKG-WI,0.505,0.059,7,last,090ed1f9329c470dacabe8e87cad00e7;431a79f4e8044d2987d5f97c90a221c6;52976b78cd13459d8aeef2428f0736f8;5f855ce1446645a4a4d52a5b3c12507f;abeddbdce5fb4e07927dd4e9a3fc9b45;e7fd057f4ac7491fa634134d5ae646f1;edd97efded1f4ee08e676233e55461b9
drift_window_test_oos,EOPKG,0.121,0.031,7,last,210a1a668a5649d1b5ff4f4adc5fb93b;4817ad917cbf4f558457cc61fa97af1c;8a1baf464cd646e4910f642c7181071d;b739aca822a14a1cbd642cd4ac692d17;ccb2bb84de7346c3b83974ea37cf2fe9;e53ccb9930de4f7bb9b8aac4b4105174;e61540633e6547ed8c59bb28154d4917
drift_window_test_set_nll,GATv2,13.047,1.163,7,last,2ab927c10aa14ff6b86c7fca2ad45124;3051886070c24e56a1c92b9744c3f878;68f65e2c19124e4390ab569ec7625714;6da86c9f8a8745ddb59c64a7e23ad129;bf6da114c8534a8eb85cf5a9d296cb1c;d1400b7f5cee485485c75935ba0856fe;e03f160a63b34907b648e6b29b051f93
drift_window_test_set_nll,GATv2+Mask,10.440,0.432,7,last,06057a9f5a6b49bfa0e90be8b7e75335;12b3cd3839304ec8b94eb6981911efc7;302fb003f78d468b867a9477e40e9d50;33779343e67645c4b55e0ec2d2f81c0a;92cf23d2a12240eeafc5b9991933f8e4;969f6444b8874e8abe26653037a5a68b;fdb211eedaa9490ba726c4e7ddfbdb2c
drift_window_test_set_nll,LSTM,11.538,0.644,7,last,27d845ee73b648a3a49992c21b7d59c7;2ed18155ee434ea6ba7e4e6115126a4b;947216b4af334db88539b25462b18624;c0522b44b1764d5086add47291774d05;e35ad47b0b2c402aad5b87be01d9b6c8;e5a9a25b43a74f4eac32cd72797d2a60;f6c4ddc23599407f882f9d237f19c6e0
drift_window_test_set_nll,EOPKG-WI,3.020,0.401,7,last,090ed1f9329c470dacabe8e87cad00e7;431a79f4e8044d2987d5f97c90a221c6;52976b78cd13459d8aeef2428f0736f8;5f855ce1446645a4a4d52a5b3c12507f;abeddbdce5fb4e07927dd4e9a3fc9b45;e7fd057f4ac7491fa634134d5ae646f1;edd97efded1f4ee08e676233e55461b9
drift_window_test_set_nll,EOPKG,2.555,0.804,7,last,210a1a668a5649d1b5ff4f4adc5fb93b;4817ad917cbf4f558457cc61fa97af1c;8a1baf464cd646e4910f642c7181071d;b739aca822a14a1cbd642cd4ac692d17;ccb2bb84de7346c3b83974ea37cf2fe9;e53ccb9930de4f7bb9b8aac4b4105174;e61540633e6547ed8c59bb28154d4917
eval_drift_one_pass_candidate_class_score_mean_abs,GATv2,,,0,,
eval_drift_one_pass_candidate_class_score_mean_abs,GATv2+Mask,,,0,,
eval_drift_one_pass_candidate_class_score_mean_abs,LSTM,,,0,,
eval_drift_one_pass_candidate_class_score_mean_abs,EOPKG-WI,140012.982,0.032,7,last,090ed1f9329c470dacabe8e87cad00e7;431a79f4e8044d2987d5f97c90a221c6;52976b78cd13459d8aeef2428f0736f8;5f855ce1446645a4a4d52a5b3c12507f;abeddbdce5fb4e07927dd4e9a3fc9b45;e7fd057f4ac7491fa634134d5ae646f1;edd97efded1f4ee08e676233e55461b9
eval_drift_one_pass_candidate_class_score_mean_abs,EOPKG,140018.268,0.209,7,last,210a1a668a5649d1b5ff4f4adc5fb93b;4817ad917cbf4f558457cc61fa97af1c;8a1baf464cd646e4910f642c7181071d;b739aca822a14a1cbd642cd4ac692d17;ccb2bb84de7346c3b83974ea37cf2fe9;e53ccb9930de4f7bb9b8aac4b4105174;e61540633e6547ed8c59bb28154d4917
eval_drift_one_pass_candidate_dynamic_count,GATv2,,,0,,
eval_drift_one_pass_candidate_dynamic_count,GATv2+Mask,,,0,,
eval_drift_one_pass_candidate_dynamic_count,LSTM,,,0,,
eval_drift_one_pass_candidate_dynamic_count,EOPKG-WI,45.730,0.000,7,last,090ed1f9329c470dacabe8e87cad00e7;431a79f4e8044d2987d5f97c90a221c6;52976b78cd13459d8aeef2428f0736f8;5f855ce1446645a4a4d52a5b3c12507f;abeddbdce5fb4e07927dd4e9a3fc9b45;e7fd057f4ac7491fa634134d5ae646f1;edd97efded1f4ee08e676233e55461b9
eval_drift_one_pass_candidate_dynamic_count,EOPKG,45.730,0.000,7,last,210a1a668a5649d1b5ff4f4adc5fb93b;4817ad917cbf4f558457cc61fa97af1c;8a1baf464cd646e4910f642c7181071d;b739aca822a14a1cbd642cd4ac692d17;ccb2bb84de7346c3b83974ea37cf2fe9;e53ccb9930de4f7bb9b8aac4b4105174;e61540633e6547ed8c59bb28154d4917
eval_drift_one_pass_candidate_invalid_probability_mass,GATv2,,,0,,
eval_drift_one_pass_candidate_invalid_probability_mass,GATv2+Mask,,,0,,
eval_drift_one_pass_candidate_invalid_probability_mass,LSTM,,,0,,
eval_drift_one_pass_candidate_invalid_probability_mass,EOPKG-WI,0.274,0.023,7,last,090ed1f9329c470dacabe8e87cad00e7;431a79f4e8044d2987d5f97c90a221c6;52976b78cd13459d8aeef2428f0736f8;5f855ce1446645a4a4d52a5b3c12507f;abeddbdce5fb4e07927dd4e9a3fc9b45;e7fd057f4ac7491fa634134d5ae646f1;edd97efded1f4ee08e676233e55461b9
eval_drift_one_pass_candidate_invalid_probability_mass,EOPKG,0.104,0.016,7,last,210a1a668a5649d1b5ff4f4adc5fb93b;4817ad917cbf4f558457cc61fa97af1c;8a1baf464cd646e4910f642c7181071d;b739aca822a14a1cbd642cd4ac692d17;ccb2bb84de7346c3b83974ea37cf2fe9;e53ccb9930de4f7bb9b8aac4b4105174;e61540633e6547ed8c59bb28154d4917
eval_drift_one_pass_candidate_node_score_mean_abs,GATv2,,,0,,
eval_drift_one_pass_candidate_node_score_mean_abs,GATv2+Mask,,,0,,
eval_drift_one_pass_candidate_node_score_mean_abs,LSTM,,,0,,
eval_drift_one_pass_candidate_node_score_mean_abs,EOPKG-WI,1.403,0.037,7,last,090ed1f9329c470dacabe8e87cad00e7;431a79f4e8044d2987d5f97c90a221c6;52976b78cd13459d8aeef2428f0736f8;5f855ce1446645a4a4d52a5b3c12507f;abeddbdce5fb4e07927dd4e9a3fc9b45;e7fd057f4ac7491fa634134d5ae646f1;edd97efded1f4ee08e676233e55461b9
eval_drift_one_pass_candidate_node_score_mean_abs,EOPKG,7.591,0.243,7,last,210a1a668a5649d1b5ff4f4adc5fb93b;4817ad917cbf4f558457cc61fa97af1c;8a1baf464cd646e4910f642c7181071d;b739aca822a14a1cbd642cd4ac692d17;ccb2bb84de7346c3b83974ea37cf2fe9;e53ccb9930de4f7bb9b8aac4b4105174;e61540633e6547ed8c59bb28154d4917
eval_drift_one_pass_candidate_oos_rate,GATv2,,,0,,
eval_drift_one_pass_candidate_oos_rate,GATv2+Mask,,,0,,
eval_drift_one_pass_candidate_oos_rate,LSTM,,,0,,
eval_drift_one_pass_candidate_oos_rate,EOPKG-WI,0.239,0.029,7,last,090ed1f9329c470dacabe8e87cad00e7;431a79f4e8044d2987d5f97c90a221c6;52976b78cd13459d8aeef2428f0736f8;5f855ce1446645a4a4d52a5b3c12507f;abeddbdce5fb4e07927dd4e9a3fc9b45;e7fd057f4ac7491fa634134d5ae646f1;edd97efded1f4ee08e676233e55461b9
eval_drift_one_pass_candidate_oos_rate,EOPKG,0.076,0.017,7,last,210a1a668a5649d1b5ff4f4adc5fb93b;4817ad917cbf4f558457cc61fa97af1c;8a1baf464cd646e4910f642c7181071d;b739aca822a14a1cbd642cd4ac692d17;ccb2bb84de7346c3b83974ea37cf2fe9;e53ccb9930de4f7bb9b8aac4b4105174;e61540633e6547ed8c59bb28154d4917
eval_drift_one_pass_candidate_pred_score,GATv2,,,0,,
eval_drift_one_pass_candidate_pred_score,GATv2+Mask,,,0,,
eval_drift_one_pass_candidate_pred_score,LSTM,,,0,,
eval_drift_one_pass_candidate_pred_score,EOPKG-WI,7.363,0.209,7,last,090ed1f9329c470dacabe8e87cad00e7;431a79f4e8044d2987d5f97c90a221c6;52976b78cd13459d8aeef2428f0736f8;5f855ce1446645a4a4d52a5b3c12507f;abeddbdce5fb4e07927dd4e9a3fc9b45;e7fd057f4ac7491fa634134d5ae646f1;edd97efded1f4ee08e676233e55461b9
eval_drift_one_pass_candidate_pred_score,EOPKG,4.607,0.493,7,last,210a1a668a5649d1b5ff4f4adc5fb93b;4817ad917cbf4f558457cc61fa97af1c;8a1baf464cd646e4910f642c7181071d;b739aca822a14a1cbd642cd4ac692d17;ccb2bb84de7346c3b83974ea37cf2fe9;e53ccb9930de4f7bb9b8aac4b4105174;e61540633e6547ed8c59bb28154d4917
eval_drift_one_pass_candidate_prediction_entropy,GATv2,,,0,,
eval_drift_one_pass_candidate_prediction_entropy,GATv2+Mask,,,0,,
eval_drift_one_pass_candidate_prediction_entropy,LSTM,,,0,,
eval_drift_one_pass_candidate_prediction_entropy,EOPKG-WI,0.663,0.077,7,last,090ed1f9329c470dacabe8e87cad00e7;431a79f4e8044d2987d5f97c90a221c6;52976b78cd13459d8aeef2428f0736f8;5f855ce1446645a4a4d52a5b3c12507f;abeddbdce5fb4e07927dd4e9a3fc9b45;e7fd057f4ac7491fa634134d5ae646f1;edd97efded1f4ee08e676233e55461b9
eval_drift_one_pass_candidate_prediction_entropy,EOPKG,0.576,0.056,7,last,210a1a668a5649d1b5ff4f4adc5fb93b;4817ad917cbf4f558457cc61fa97af1c;8a1baf464cd646e4910f642c7181071d;b739aca822a14a1cbd642cd4ac692d17;ccb2bb84de7346c3b83974ea37cf2fe9;e53ccb9930de4f7bb9b8aac4b4105174;e61540633e6547ed8c59bb28154d4917
eval_drift_one_pass_candidate_score_gap,GATv2,,,0,,
eval_drift_one_pass_candidate_score_gap,GATv2+Mask,,,0,,
eval_drift_one_pass_candidate_score_gap,LSTM,,,0,,
eval_drift_one_pass_candidate_score_gap,EOPKG-WI,136296.244,0.123,7,last,090ed1f9329c470dacabe8e87cad00e7;431a79f4e8044d2987d5f97c90a221c6;52976b78cd13459d8aeef2428f0736f8;5f855ce1446645a4a4d52a5b3c12507f;abeddbdce5fb4e07927dd4e9a3fc9b45;e7fd057f4ac7491fa634134d5ae646f1;edd97efded1f4ee08e676233e55461b9
eval_drift_one_pass_candidate_score_gap,EOPKG,136294.634,0.158,7,last,210a1a668a5649d1b5ff4f4adc5fb93b;4817ad917cbf4f558457cc61fa97af1c;8a1baf464cd646e4910f642c7181071d;b739aca822a14a1cbd642cd4ac692d17;ccb2bb84de7346c3b83974ea37cf2fe9;e53ccb9930de4f7bb9b8aac4b4105174;e61540633e6547ed8c59bb28154d4917
eval_drift_one_pass_candidate_seen_score_mean,GATv2,,,0,,
eval_drift_one_pass_candidate_seen_score_mean,GATv2+Mask,,,0,,
eval_drift_one_pass_candidate_seen_score_mean,LSTM,,,0,,
eval_drift_one_pass_candidate_seen_score_mean,EOPKG-WI,-0.412,0.098,7,last,090ed1f9329c470dacabe8e87cad00e7;431a79f4e8044d2987d5f97c90a221c6;52976b78cd13459d8aeef2428f0736f8;5f855ce1446645a4a4d52a5b3c12507f;abeddbdce5fb4e07927dd4e9a3fc9b45;e7fd057f4ac7491fa634134d5ae646f1;edd97efded1f4ee08e676233e55461b9
eval_drift_one_pass_candidate_seen_score_mean,EOPKG,-7.204,0.236,7,last,210a1a668a5649d1b5ff4f4adc5fb93b;4817ad917cbf4f558457cc61fa97af1c;8a1baf464cd646e4910f642c7181071d;b739aca822a14a1cbd642cd4ac692d17;ccb2bb84de7346c3b83974ea37cf2fe9;e53ccb9930de4f7bb9b8aac4b4105174;e61540633e6547ed8c59bb28154d4917
eval_drift_one_pass_candidate_seen_unseen_score_gap,GATv2,,,0,,
eval_drift_one_pass_candidate_seen_unseen_score_gap,GATv2+Mask,,,0,,
eval_drift_one_pass_candidate_seen_unseen_score_gap,LSTM,,,0,,
eval_drift_one_pass_candidate_seen_unseen_score_gap,EOPKG-WI,0.015,0.062,7,last,090ed1f9329c470dacabe8e87cad00e7;431a79f4e8044d2987d5f97c90a221c6;52976b78cd13459d8aeef2428f0736f8;5f855ce1446645a4a4d52a5b3c12507f;abeddbdce5fb4e07927dd4e9a3fc9b45;e7fd057f4ac7491fa634134d5ae646f1;edd97efded1f4ee08e676233e55461b9
eval_drift_one_pass_candidate_seen_unseen_score_gap,EOPKG,0.322,0.042,7,last,210a1a668a5649d1b5ff4f4adc5fb93b;4817ad917cbf4f558457cc61fa97af1c;8a1baf464cd646e4910f642c7181071d;b739aca822a14a1cbd642cd4ac692d17;ccb2bb84de7346c3b83974ea37cf2fe9;e53ccb9930de4f7bb9b8aac4b4105174;e61540633e6547ed8c59bb28154d4917
eval_drift_one_pass_candidate_target_score,GATv2,,,0,,
eval_drift_one_pass_candidate_target_score,GATv2+Mask,,,0,,
eval_drift_one_pass_candidate_target_score,LSTM,,,0,,
eval_drift_one_pass_candidate_target_score,EOPKG-WI,-136288.881,0.191,7,last,090ed1f9329c470dacabe8e87cad00e7;431a79f4e8044d2987d5f97c90a221c6;52976b78cd13459d8aeef2428f0736f8;5f855ce1446645a4a4d52a5b3c12507f;abeddbdce5fb4e07927dd4e9a3fc9b45;e7fd057f4ac7491fa634134d5ae646f1;edd97efded1f4ee08e676233e55461b9
eval_drift_one_pass_candidate_target_score,EOPKG,-136290.027,0.378,7,last,210a1a668a5649d1b5ff4f4adc5fb93b;4817ad917cbf4f558457cc61fa97af1c;8a1baf464cd646e4910f642c7181071d;b739aca822a14a1cbd642cd4ac692d17;ccb2bb84de7346c3b83974ea37cf2fe9;e53ccb9930de4f7bb9b8aac4b4105174;e61540633e6547ed8c59bb28154d4917
eval_drift_one_pass_candidate_temperature,GATv2,,,0,,
eval_drift_one_pass_candidate_temperature,GATv2+Mask,,,0,,
eval_drift_one_pass_candidate_temperature,LSTM,,,0,,
eval_drift_one_pass_candidate_temperature,EOPKG-WI,0.100,0.000,7,last,090ed1f9329c470dacabe8e87cad00e7;431a79f4e8044d2987d5f97c90a221c6;52976b78cd13459d8aeef2428f0736f8;5f855ce1446645a4a4d52a5b3c12507f;abeddbdce5fb4e07927dd4e9a3fc9b45;e7fd057f4ac7491fa634134d5ae646f1;edd97efded1f4ee08e676233e55461b9
eval_drift_one_pass_candidate_temperature,EOPKG,0.100,0.000,7,last,210a1a668a5649d1b5ff4f4adc5fb93b;4817ad917cbf4f558457cc61fa97af1c;8a1baf464cd646e4910f642c7181071d;b739aca822a14a1cbd642cd4ac692d17;ccb2bb84de7346c3b83974ea37cf2fe9;e53ccb9930de4f7bb9b8aac4b4105174;e61540633e6547ed8c59bb28154d4917
eval_drift_one_pass_candidate_unseen_candidate_rate,GATv2,,,0,,
eval_drift_one_pass_candidate_unseen_candidate_rate,GATv2+Mask,,,0,,
eval_drift_one_pass_candidate_unseen_candidate_rate,LSTM,,,0,,
eval_drift_one_pass_candidate_unseen_candidate_rate,EOPKG-WI,0.139,0.000,7,last,090ed1f9329c470dacabe8e87cad00e7;431a79f4e8044d2987d5f97c90a221c6;52976b78cd13459d8aeef2428f0736f8;5f855ce1446645a4a4d52a5b3c12507f;abeddbdce5fb4e07927dd4e9a3fc9b45;e7fd057f4ac7491fa634134d5ae646f1;edd97efded1f4ee08e676233e55461b9
eval_drift_one_pass_candidate_unseen_candidate_rate,EOPKG,0.139,0.000,7,last,210a1a668a5649d1b5ff4f4adc5fb93b;4817ad917cbf4f558457cc61fa97af1c;8a1baf464cd646e4910f642c7181071d;b739aca822a14a1cbd642cd4ac692d17;ccb2bb84de7346c3b83974ea37cf2fe9;e53ccb9930de4f7bb9b8aac4b4105174;e61540633e6547ed8c59bb28154d4917
eval_drift_one_pass_candidate_unseen_score_mean,GATv2,,,0,,
eval_drift_one_pass_candidate_unseen_score_mean,GATv2+Mask,,,0,,
eval_drift_one_pass_candidate_unseen_score_mean,LSTM,,,0,,
eval_drift_one_pass_candidate_unseen_score_mean,EOPKG-WI,-0.247,0.089,7,last,090ed1f9329c470dacabe8e87cad00e7;431a79f4e8044d2987d5f97c90a221c6;52976b78cd13459d8aeef2428f0736f8;5f855ce1446645a4a4d52a5b3c12507f;abeddbdce5fb4e07927dd4e9a3fc9b45;e7fd057f4ac7491fa634134d5ae646f1;edd97efded1f4ee08e676233e55461b9
eval_drift_one_pass_candidate_unseen_score_mean,EOPKG,-4.725,0.164,7,last,210a1a668a5649d1b5ff4f4adc5fb93b;4817ad917cbf4f558457cc61fa97af1c;8a1baf464cd646e4910f642c7181071d;b739aca822a14a1cbd642cd4ac692d17;ccb2bb84de7346c3b83974ea37cf2fe9;e53ccb9930de4f7bb9b8aac4b4105174;e61540633e6547ed8c59bb28154d4917
eval_drift_one_pass_candidate_valid_invalid_logit_margin,GATv2,,,0,,
eval_drift_one_pass_candidate_valid_invalid_logit_margin,GATv2+Mask,,,0,,
eval_drift_one_pass_candidate_valid_invalid_logit_margin,LSTM,,,0,,
eval_drift_one_pass_candidate_valid_invalid_logit_margin,EOPKG-WI,2.943,0.297,7,last,090ed1f9329c470dacabe8e87cad00e7;431a79f4e8044d2987d5f97c90a221c6;52976b78cd13459d8aeef2428f0736f8;5f855ce1446645a4a4d52a5b3c12507f;abeddbdce5fb4e07927dd4e9a3fc9b45;e7fd057f4ac7491fa634134d5ae646f1;edd97efded1f4ee08e676233e55461b9
eval_drift_one_pass_candidate_valid_invalid_logit_margin,EOPKG,11.109,0.689,7,last,210a1a668a5649d1b5ff4f4adc5fb93b;4817ad917cbf4f558457cc61fa97af1c;8a1baf464cd646e4910f642c7181071d;b739aca822a14a1cbd642cd4ac692d17;ccb2bb84de7346c3b83974ea37cf2fe9;e53ccb9930de4f7bb9b8aac4b4105174;e61540633e6547ed8c59bb28154d4917
eval_drift_one_pass_candidate_valid_probability_mass,GATv2,,,0,,
eval_drift_one_pass_candidate_valid_probability_mass,GATv2+Mask,,,0,,
eval_drift_one_pass_candidate_valid_probability_mass,LSTM,,,0,,
eval_drift_one_pass_candidate_valid_probability_mass,EOPKG-WI,0.726,0.023,7,last,090ed1f9329c470dacabe8e87cad00e7;431a79f4e8044d2987d5f97c90a221c6;52976b78cd13459d8aeef2428f0736f8;5f855ce1446645a4a4d52a5b3c12507f;abeddbdce5fb4e07927dd4e9a3fc9b45;e7fd057f4ac7491fa634134d5ae646f1;edd97efded1f4ee08e676233e55461b9
eval_drift_one_pass_candidate_valid_probability_mass,EOPKG,0.896,0.016,7,last,210a1a668a5649d1b5ff4f4adc5fb93b;4817ad917cbf4f558457cc61fa97af1c;8a1baf464cd646e4910f642c7181071d;b739aca822a14a1cbd642cd4ac692d17;ccb2bb84de7346c3b83974ea37cf2fe9;e53ccb9930de4f7bb9b8aac4b4105174;e61540633e6547ed8c59bb28154d4917
eval_drift_one_pass_duplicate_candidate_count_max,GATv2,,,0,,
eval_drift_one_pass_duplicate_candidate_count_max,GATv2+Mask,,,0,,
eval_drift_one_pass_duplicate_candidate_count_max,LSTM,,,0,,
eval_drift_one_pass_duplicate_candidate_count_max,EOPKG-WI,1.000,0.000,7,last,090ed1f9329c470dacabe8e87cad00e7;431a79f4e8044d2987d5f97c90a221c6;52976b78cd13459d8aeef2428f0736f8;5f855ce1446645a4a4d52a5b3c12507f;abeddbdce5fb4e07927dd4e9a3fc9b45;e7fd057f4ac7491fa634134d5ae646f1;edd97efded1f4ee08e676233e55461b9
eval_drift_one_pass_duplicate_candidate_count_max,EOPKG,1.000,0.000,7,last,210a1a668a5649d1b5ff4f4adc5fb93b;4817ad917cbf4f558457cc61fa97af1c;8a1baf464cd646e4910f642c7181071d;b739aca822a14a1cbd642cd4ac692d17;ccb2bb84de7346c3b83974ea37cf2fe9;e53ccb9930de4f7bb9b8aac4b4105174;e61540633e6547ed8c59bb28154d4917
eval_drift_one_pass_impulse_activation_max_abs,GATv2,,,0,,
eval_drift_one_pass_impulse_activation_max_abs,GATv2+Mask,,,0,,
eval_drift_one_pass_impulse_activation_max_abs,LSTM,,,0,,
eval_drift_one_pass_impulse_activation_max_abs,EOPKG-WI,0.000,0.000,7,last,090ed1f9329c470dacabe8e87cad00e7;431a79f4e8044d2987d5f97c90a221c6;52976b78cd13459d8aeef2428f0736f8;5f855ce1446645a4a4d52a5b3c12507f;abeddbdce5fb4e07927dd4e9a3fc9b45;e7fd057f4ac7491fa634134d5ae646f1;edd97efded1f4ee08e676233e55461b9
eval_drift_one_pass_impulse_activation_max_abs,EOPKG,5.684,1.011,7,last,210a1a668a5649d1b5ff4f4adc5fb93b;4817ad917cbf4f558457cc61fa97af1c;8a1baf464cd646e4910f642c7181071d;b739aca822a14a1cbd642cd4ac692d17;ccb2bb84de7346c3b83974ea37cf2fe9;e53ccb9930de4f7bb9b8aac4b4105174;e61540633e6547ed8c59bb28154d4917
eval_drift_one_pass_impulse_activation_mean_abs,GATv2,,,0,,
eval_drift_one_pass_impulse_activation_mean_abs,GATv2+Mask,,,0,,
eval_drift_one_pass_impulse_activation_mean_abs,LSTM,,,0,,
eval_drift_one_pass_impulse_activation_mean_abs,EOPKG-WI,0.000,0.000,7,last,090ed1f9329c470dacabe8e87cad00e7;431a79f4e8044d2987d5f97c90a221c6;52976b78cd13459d8aeef2428f0736f8;5f855ce1446645a4a4d52a5b3c12507f;abeddbdce5fb4e07927dd4e9a3fc9b45;e7fd057f4ac7491fa634134d5ae646f1;edd97efded1f4ee08e676233e55461b9
eval_drift_one_pass_impulse_activation_mean_abs,EOPKG,1.101,0.028,7,last,210a1a668a5649d1b5ff4f4adc5fb93b;4817ad917cbf4f558457cc61fa97af1c;8a1baf464cd646e4910f642c7181071d;b739aca822a14a1cbd642cd4ac692d17;ccb2bb84de7346c3b83974ea37cf2fe9;e53ccb9930de4f7bb9b8aac4b4105174;e61540633e6547ed8c59bb28154d4917
eval_drift_one_pass_impulse_gnn_oversmoothing_ratio,GATv2,,,0,,
eval_drift_one_pass_impulse_gnn_oversmoothing_ratio,GATv2+Mask,,,0,,
eval_drift_one_pass_impulse_gnn_oversmoothing_ratio,LSTM,,,0,,
eval_drift_one_pass_impulse_gnn_oversmoothing_ratio,EOPKG-WI,0.000,0.000,7,last,090ed1f9329c470dacabe8e87cad00e7;431a79f4e8044d2987d5f97c90a221c6;52976b78cd13459d8aeef2428f0736f8;5f855ce1446645a4a4d52a5b3c12507f;abeddbdce5fb4e07927dd4e9a3fc9b45;e7fd057f4ac7491fa634134d5ae646f1;edd97efded1f4ee08e676233e55461b9
eval_drift_one_pass_impulse_gnn_oversmoothing_ratio,EOPKG,0.856,0.024,7,last,210a1a668a5649d1b5ff4f4adc5fb93b;4817ad917cbf4f558457cc61fa97af1c;8a1baf464cd646e4910f642c7181071d;b739aca822a14a1cbd642cd4ac692d17;ccb2bb84de7346c3b83974ea37cf2fe9;e53ccb9930de4f7bb9b8aac4b4105174;e61540633e6547ed8c59bb28154d4917
eval_drift_one_pass_impulse_to_base_node_ratio,GATv2,,,0,,
eval_drift_one_pass_impulse_to_base_node_ratio,GATv2+Mask,,,0,,
eval_drift_one_pass_impulse_to_base_node_ratio,LSTM,,,0,,
eval_drift_one_pass_impulse_to_base_node_ratio,EOPKG-WI,0.000,0.000,7,last,090ed1f9329c470dacabe8e87cad00e7;431a79f4e8044d2987d5f97c90a221c6;52976b78cd13459d8aeef2428f0736f8;5f855ce1446645a4a4d52a5b3c12507f;abeddbdce5fb4e07927dd4e9a3fc9b45;e7fd057f4ac7491fa634134d5ae646f1;edd97efded1f4ee08e676233e55461b9
eval_drift_one_pass_impulse_to_base_node_ratio,EOPKG,1.629,0.055,7,last,210a1a668a5649d1b5ff4f4adc5fb93b;4817ad917cbf4f558457cc61fa97af1c;8a1baf464cd646e4910f642c7181071d;b739aca822a14a1cbd642cd4ac692d17;ccb2bb84de7346c3b83974ea37cf2fe9;e53ccb9930de4f7bb9b8aac4b4105174;e61540633e6547ed8c59bb28154d4917
tracing_events_recorded,GATv2,,,0,,
tracing_events_recorded,GATv2+Mask,,,0,,
tracing_events_recorded,LSTM,,,0,,
tracing_events_recorded,EOPKG-WI,40.000,0.000,7,last,090ed1f9329c470dacabe8e87cad00e7;431a79f4e8044d2987d5f97c90a221c6;52976b78cd13459d8aeef2428f0736f8;5f855ce1446645a4a4d52a5b3c12507f;abeddbdce5fb4e07927dd4e9a3fc9b45;e7fd057f4ac7491fa634134d5ae646f1;edd97efded1f4ee08e676233e55461b9
tracing_events_recorded,EOPKG,40.000,0.000,7,last,210a1a668a5649d1b5ff4f4adc5fb93b;4817ad917cbf4f558457cc61fa97af1c;8a1baf464cd646e4910f642c7181071d;b739aca822a14a1cbd642cd4ac692d17;ccb2bb84de7346c3b83974ea37cf2fe9;e53ccb9930de4f7bb9b8aac4b4105174;e61540633e6547ed8c59bb28154d4917
tracing_record_time_ms_per_event,GATv2,,,0,,
tracing_record_time_ms_per_event,GATv2+Mask,,,0,,
tracing_record_time_ms_per_event,LSTM,,,0,,
tracing_record_time_ms_per_event,EOPKG-WI,1114.048,55.691,7,last,090ed1f9329c470dacabe8e87cad00e7;431a79f4e8044d2987d5f97c90a221c6;52976b78cd13459d8aeef2428f0736f8;5f855ce1446645a4a4d52a5b3c12507f;abeddbdce5fb4e07927dd4e9a3fc9b45;e7fd057f4ac7491fa634134d5ae646f1;edd97efded1f4ee08e676233e55461b9
tracing_record_time_ms_per_event,EOPKG,1094.769,29.763,7,last,210a1a668a5649d1b5ff4f4adc5fb93b;4817ad917cbf4f558457cc61fa97af1c;8a1baf464cd646e4910f642c7181071d;b739aca822a14a1cbd642cd4ac692d17;ccb2bb84de7346c3b83974ea37cf2fe9;e53ccb9930de4f7bb9b8aac4b4105174;e61540633e6547ed8c59bb28154d4917
tracing_record_time_ms_total,GATv2,,,0,,
tracing_record_time_ms_total,GATv2+Mask,,,0,,
tracing_record_time_ms_total,LSTM,,,0,,
tracing_record_time_ms_total,EOPKG-WI,44561.905,2227.646,7,last,090ed1f9329c470dacabe8e87cad00e7;431a79f4e8044d2987d5f97c90a221c6;52976b78cd13459d8aeef2428f0736f8;5f855ce1446645a4a4d52a5b3c12507f;abeddbdce5fb4e07927dd4e9a3fc9b45;e7fd057f4ac7491fa634134d5ae646f1;edd97efded1f4ee08e676233e55461b9
tracing_record_time_ms_total,EOPKG,43790.778,1190.512,7,last,210a1a668a5649d1b5ff4f4adc5fb93b;4817ad917cbf4f558457cc61fa97af1c;8a1baf464cd646e4910f642c7181071d;b739aca822a14a1cbd642cd4ac692d17;ccb2bb84de7346c3b83974ea37cf2fe9;e53ccb9930de4f7bb9b8aac4b4105174;e61540633e6547ed8c59bb28154d4917
