"Group","Run ID","metric","step","timestamp","value"
"BaselineGATv2","","strict_train_macro_f1","1","1780858306790","0.4236920769567821"
"BaselineGATv2","","strict_train_macro_f1","2","1780858418420","0.571710004621133"
"BaselineGATv2","","strict_train_macro_f1","3","1780858529124","0.5953135314302371"
"BaselineGATv2","","strict_train_macro_f1","4","1780858650554","0.5995852411201074"
"BaselineGATv2","","strict_train_macro_f1","5","1780858769564","0.610076672775645"
"BaselineGATv2","","strict_train_macro_f1","6","1780858916144","0.611205976257956"
"BaselineGATv2","","strict_train_macro_f1","7","1780859055286","0.6193174410710365"
"BaselineGATv2","","strict_train_macro_f1","8","1780859171707","0.6266136213250817"
"BaselineGATv2","","strict_train_macro_f1","9","1780859293889","0.6314308778723895"
"BaselineGATv2","","strict_train_macro_f1","10","1780859413132","0.6454101197150708"
"BaselineGATv2","","strict_train_macro_f1","11","1780859530483","0.6568359741055835"
"BaselineGATv2","","strict_train_macro_f1","12","1780859640265","0.6670959932749085"
"BaselineGATv2","","strict_train_macro_f1","13","1780859791434","0.6761959753351514"
"BaselineGATv2","","strict_train_macro_f1","14","1780859900857","0.6791856213684679"
"BaselineGATv2","","strict_train_macro_f1","15","1780860008234","0.6833965348123903"
"BaselineGATv2","","strict_train_macro_f1","16","1780860120161","0.6879514143293107"
"BaselineGATv2","","strict_train_macro_f1","17","1780860264240","0.6891349316124074"
"BaselineGATv2","","strict_train_macro_f1","18","1780860389555","0.6904785084606836"
"BaselineGATv2","","strict_train_macro_f1","19","1780860499860","0.6980090216233429"
"BaselineGATv2","","strict_train_macro_f1","20","1780860598583","0.6951948794031928"
"BaselineGATv2","","strict_train_macro_f1","21","1780860713706","0.6935608687177343"
"BaselineGATv2","","strict_train_macro_f1","22","1780860805914","0.700302557687593"
"BaselineGATv2","","strict_train_macro_f1","23","1780860904234","0.7005022113692474"
"BaselineGATv2","","strict_train_macro_f1","24","1780861025356","0.6998881657268938"
"BaselineGATv2","","strict_train_macro_f1","25","1780861146492","0.7070195503249348"
"BaselineGATv2","","strict_train_macro_f1","26","1780861256098","0.7045630431431212"
"BaselineGATv2","","strict_train_macro_f1","27","1780861352757","0.706432571521284"
"BaselineGATv2","","strict_train_macro_f1","28","1780861448370","0.7043537624558471"
"BaselineGATv2","","strict_train_macro_f1","29","1780861540957","0.7097425094234399"
"BaselineGATv2","","strict_train_macro_f1","30","1780861636585","0.707292268661411"
"BaselineGATv2","","strict_train_macro_f1","31","1780861732730","0.7091054993770449"
"BaselineGATv2","","strict_train_macro_f1","32","1780861832262","0.709729412901665"
"BaselineGATv2","","strict_train_macro_f1","33","1780861927452","0.7088206402968128"
"BaselineGATv2","","strict_train_macro_f1","34","1780862018674","0.713123955567627"
"BaselineGATv2","","strict_train_macro_f1","35","1780862122788","0.7126663013421018"
"BaselineGATv2","","strict_train_macro_f1","36","1780862240341","0.7125347792532176"
"BaselineGATv2","","strict_train_macro_f1","37","1780862370966","0.7129978844530298"
"BaselineGATv2","","strict_train_macro_f1","38","1780862475540","0.7149249181458877"
"BaselineGATv2","","strict_train_macro_f1","39","1780862578215","0.7129437301584224"
"BaselineGATv2","","strict_train_macro_f1","40","1780862677005","0.711763053863822"
"BaselineGATv2","","strict_train_macro_f1","41","1780844181277","0.7172092684500369"
"BaselineGATv2","","strict_train_macro_f1","42","1780844293103","0.7129976955816782"
"BaselineGATv2","","strict_train_macro_f1","43","1780815350966","0.7093591475914064"
"BaselineGATv2","","strict_train_macro_f1","44","1780815429474","0.7118456056832123"
"BaselineGATv2","","strict_train_macro_f1","45","1780815537495","0.7160546935477448"
"BaselineGATv2","","strict_train_macro_f1","46","1780815645472","0.7146069863032852"
"BaselineGATv2","","strict_train_macro_f1","47","1780815775752","0.7159263462974526"
"BaselineGATv2","","strict_train_macro_f1","48","1780815876236","0.7157918983444849"
"BaselineGATv2","","strict_train_macro_f1","49","1780816005686","0.7168259155669765"
"BaselineGATv2","","strict_train_macro_f1","50","1780816116543","0.7185394284534112"
"EOPKGTopologyConditioned","","strict_train_macro_f1","1","1780777637449","0.699578496824728"
"EOPKGTopologyConditioned","","strict_train_macro_f1","2","1780778002558","0.7480162465032718"
"EOPKGTopologyConditioned","","strict_train_macro_f1","3","1780778347739","0.7669181128437318"
"EOPKGTopologyConditioned","","strict_train_macro_f1","4","1780780843401","0.7710577463013104"
"EOPKGTopologyConditioned","","strict_train_macro_f1","5","1780782815626","0.7765465604585889"
"EOPKGTopologyConditioned","","strict_train_macro_f1","6","1780783105838","0.7742263626563493"
"EOPKGTopologyConditioned","","strict_train_macro_f1","7","1780783411213","0.7805879325644505"
"EOPKGTopologyConditioned","","strict_train_macro_f1","8","1780783709662","0.7766243970843345"
"EOPKGTopologyConditioned","","strict_train_macro_f1","9","1780784008051","0.7792129934917881"
"EOPKGTopologyConditioned","","strict_train_macro_f1","10","1780784284807","0.7786177553958783"
"EOPKGTopologyConditioned","","strict_train_macro_f1","11","1780784549434","0.7830131493433162"
"EOPKGTopologyConditioned","","strict_train_macro_f1","12","1780784820579","0.7802614932081768"
"EOPKGTopologyConditioned","","strict_train_macro_f1","13","1780785100982","0.7852056728426169"
"EOPKGTopologyConditioned","","strict_train_macro_f1","14","1780785395780","0.7819255140893914"
"EOPKGTopologyConditioned","","strict_train_macro_f1","15","1780785711079","0.7862044252829634"
"EOPKGTopologyConditioned","","strict_train_macro_f1","16","1780786006437","0.7838008986999905"
"EOPKGTopologyConditioned","","strict_train_macro_f1","17","1780786291081","0.7882548181004866"
"EOPKGTopologyConditioned","","strict_train_macro_f1","18","1780786563913","0.7852992834128141"
"EOPKGTopologyConditioned","","strict_train_macro_f1","19","1780786858134","0.7891421217156257"
"EOPKGTopologyConditioned","","strict_train_macro_f1","20","1780787134291","0.7860742515151272"
"EOPKGTopologyConditioned","","strict_train_macro_f1","21","1780787402909","0.7862885375242759"
"EOPKGTopologyConditioned","","strict_train_macro_f1","22","1780787660241","0.7914571657048092"
"EOPKGTopologyConditioned","","strict_train_macro_f1","23","1780787918060","0.7919300653395824"
"EOPKGTopologyConditioned","","strict_train_macro_f1","24","1780788171749","0.7929409462065913"
"EOPKGTopologyConditioned","","strict_train_macro_f1","25","1780788430185","0.7883504646866133"
"EOPKGTopologyConditioned","","strict_train_macro_f1","26","1780788690294","0.7935651257141696"
"EOPKGTopologyConditioned","","strict_train_macro_f1","27","1780788963963","0.7941673329814705"
"EOPKGTopologyConditioned","","strict_train_macro_f1","28","1780789243270","0.7946936531365347"
"EOPKGTopologyConditioned","","strict_train_macro_f1","29","1780789553032","0.7965541780705538"
"EOPKGTopologyConditioned","","strict_train_macro_f1","30","1780789843117","0.798094419185487"
"EOPKGTopologyConditioned","","strict_train_macro_f1","31","1780790109951","0.79622918841877"
"EOPKGTopologyConditioned","","strict_train_macro_f1","32","1780790388155","0.797771427373145"
"EOPKGTopologyConditioned","","strict_train_macro_f1","33","1780790662625","0.7960145677879549"
"EOPKGTopologyConditioned","","strict_train_macro_f1","34","1780790928971","0.7998206271181416"
"EOPKGTopologyConditioned","","strict_train_macro_f1","35","1780791198574","0.8004949288786231"
"EOPKGTopologyConditioned","","strict_train_macro_f1","36","1780791481258","0.8021168000473533"
"EOPKGTopologyConditioned","","strict_train_macro_f1","37","1780791747071","0.8030259116468816"
"EOPKGTopologyConditioned","","strict_train_macro_f1","38","1780792045181","0.8017073991566891"
"EOPKGTopologyConditioned","","strict_train_macro_f1","39","1780792335389","0.8037966514608851"
"EOPKGTopologyConditioned","","strict_train_macro_f1","40","1780779744400","0.8050231108651384"
"EOPKGTopologyConditioned","","strict_train_macro_f1","41","1780780045460","0.8050854039775008"
"EOPKGTopologyConditioned","","strict_train_macro_f1","42","1780739742681","0.8058687789079072"
"EOPKGTopologyConditioned","","strict_train_macro_f1","43","1780766913382","0.8073465303667526"
"EOPKGTopologyConditioned","","strict_train_macro_f1","44","1780671184490","0.8063045942014758"
"LSTMBaseline","","strict_train_macro_f1","1","1780929772725","0.4889305071767561"
"LSTMBaseline","","strict_train_macro_f1","2","1780929972347","0.7172836608337658"
"LSTMBaseline","","strict_train_macro_f1","3","1780930169914","0.7523358131312684"
"LSTMBaseline","","strict_train_macro_f1","4","1780930357537","0.7588809765072886"
"LSTMBaseline","","strict_train_macro_f1","5","1780930528900","0.7622499987479712"
"LSTMBaseline","","strict_train_macro_f1","6","1780930721107","0.7633427896662991"
"LSTMBaseline","","strict_train_macro_f1","7","1780930926209","0.7643018060085666"
"LSTMBaseline","","strict_train_macro_f1","8","1780931096329","0.764460970341365"
"LSTMBaseline","","strict_train_macro_f1","9","1780931277229","0.764896865267812"
"LSTMBaseline","","strict_train_macro_f1","10","1780931448951","0.7651469839548339"
"LSTMBaseline","","strict_train_macro_f1","11","1780931617161","0.7646819347299328"
"LSTMBaseline","","strict_train_macro_f1","12","1780931783138","0.765972455135129"
"LSTMBaseline","","strict_train_macro_f1","13","1780931957881","0.7670023414527454"
"LSTMBaseline","","strict_train_macro_f1","14","1780932140851","0.766606870672817"
"LSTMBaseline","","strict_train_macro_f1","15","1780932323617","0.7689421762819754"
"LSTMBaseline","","strict_train_macro_f1","16","1780932505690","0.7688427512851923"
"LSTMBaseline","","strict_train_macro_f1","17","1780932692955","0.7688340039365127"
"LSTMBaseline","","strict_train_macro_f1","18","1780932868341","0.7701386511127228"
"LSTMBaseline","","strict_train_macro_f1","19","1780933040584","0.7721102086134528"
"LSTMBaseline","","strict_train_macro_f1","20","1780933224931","0.7721922601196778"
"LSTMBaseline","","strict_train_macro_f1","21","1780933408350","0.7728706251415332"
"LSTMBaseline","","strict_train_macro_f1","22","1780933581071","0.7784480321629796"
"LSTMBaseline","","strict_train_macro_f1","23","1780933746283","0.7779150787833998"
"LSTMBaseline","","strict_train_macro_f1","24","1780933921388","0.7815026489738895"
"LSTMBaseline","","strict_train_macro_f1","25","1780934096819","0.7842950840315496"
"LSTMBaseline","","strict_train_macro_f1","26","1780934276483","0.7874144805787964"
"LSTMBaseline","","strict_train_macro_f1","27","1780934453455","0.7914919749067492"
"LSTMBaseline","","strict_train_macro_f1","28","1780934623587","0.7935809398368011"
"LSTMBaseline","","strict_train_macro_f1","29","1780934792106","0.7969642709877645"
"LSTMBaseline","","strict_train_macro_f1","30","1780934953059","0.8013884729557089"
"LSTMBaseline","","strict_train_macro_f1","31","1780935123426","0.8037628965422314"
"LSTMBaseline","","strict_train_macro_f1","32","1780935309021","0.8073769084387503"
"LSTMBaseline","","strict_train_macro_f1","33","1780935487097","0.8115845925671735"
"LSTMBaseline","","strict_train_macro_f1","34","1780935648133","0.8171469467832443"
"LSTMBaseline","","strict_train_macro_f1","35","1780870121549","0.8164436648424946"
"LSTMBaseline","","strict_train_macro_f1","36","1780748656844","0.815222993448908"
"EOPKGTopologyConditionedWI","","strict_train_macro_f1","1","1781062343901","0.3550997616519611"
"EOPKGTopologyConditionedWI","","strict_train_macro_f1","2","1781062450231","0.45342255787051394"
"EOPKGTopologyConditionedWI","","strict_train_macro_f1","3","1781062556028","0.48276734138847344"
"EOPKGTopologyConditionedWI","","strict_train_macro_f1","4","1781062662109","0.5017513331699669"
"EOPKGTopologyConditionedWI","","strict_train_macro_f1","5","1781062772547","0.5079000603377188"
"EOPKGTopologyConditionedWI","","strict_train_macro_f1","6","1781062876641","0.5199846718105589"
"EOPKGTopologyConditionedWI","","strict_train_macro_f1","7","1781062980464","0.5268487238071292"
"EOPKGTopologyConditionedWI","","strict_train_macro_f1","8","1781063083991","0.538571914551011"
"EOPKGTopologyConditionedWI","","strict_train_macro_f1","9","1781063190881","0.5469549380512978"
"EOPKGTopologyConditionedWI","","strict_train_macro_f1","10","1781063294840","0.5555457762587306"
"EOPKGTopologyConditionedWI","","strict_train_macro_f1","11","1781063397147","0.5618206584592796"
"EOPKGTopologyConditionedWI","","strict_train_macro_f1","12","1781063501450","0.5628778508053274"
"EOPKGTopologyConditionedWI","","strict_train_macro_f1","13","1781063602968","0.5703874680956637"
"EOPKGTopologyConditionedWI","","strict_train_macro_f1","14","1781063716814","0.5710031602194007"
"EOPKGTopologyConditionedWI","","strict_train_macro_f1","15","1781063836813","0.5770813165714485"
"EOPKGTopologyConditionedWI","","strict_train_macro_f1","16","1781063961090","0.5782325092039803"
"EOPKGTopologyConditionedWI","","strict_train_macro_f1","17","1781064078055","0.5822346412417784"
"EOPKGTopologyConditionedWI","","strict_train_macro_f1","18","1781056029820","0.5780240255783364"
"EOPKGTopologyConditionedWI","","strict_train_macro_f1","19","1781056133469","0.5853883023080526"
"EOPKGTopologyConditionedWI","","strict_train_macro_f1","20","1781056234999","0.5850894918175791"
"EOPKGTopologyConditionedWI","","strict_train_macro_f1","21","1781056337785","0.588609252464866"
"EOPKGTopologyConditionedWI","","strict_train_macro_f1","22","1781056441311","0.5880610176669681"
"EOPKGTopologyConditionedWI","","strict_train_macro_f1","23","1781056543429","0.5909628148320927"
"EOPKGTopologyConditionedWI","","strict_train_macro_f1","24","1781056645489","0.5947738563149358"
"EOPKGTopologyConditionedWI","","strict_train_macro_f1","25","1781056746998","0.588453297162622"
"EOPKGTopologyConditionedWI","","strict_train_macro_f1","26","1781056849552","0.5963306373608509"
"EOPKGTopologyConditionedWI","","strict_train_macro_f1","27","1781056951806","0.5971356787663671"
"EOPKGTopologyConditionedWI","","strict_train_macro_f1","28","1781057054509","0.5943312295614002"
"EOPKGTopologyConditionedWI","","strict_train_macro_f1","29","1781057156140","0.5952253112730497"
"EOPKGTopologyConditionedWI","","strict_train_macro_f1","30","1781057257802","0.5962436415000341"
"EOPKGTopologyConditionedWI","","strict_train_macro_f1","31","1781057359789","0.5977080459326873"
"EOPKGTopologyConditionedWI","","strict_train_macro_f1","32","1781057464171","0.5972911457827685"
"EOPKGTopologyConditionedWI","","strict_train_macro_f1","33","1781057568336","0.6011346543303342"
"EOPKGTopologyConditionedWI","","strict_train_macro_f1","34","1781057670419","0.5989649902559899"
"EOPKGTopologyConditionedWI","","strict_train_macro_f1","35","1781057771850","0.6022785430789641"
"EOPKGTopologyConditionedWI","","strict_train_macro_f1","36","1781057873645","0.6019704222249942"
"EOPKGTopologyConditionedWI","","strict_train_macro_f1","37","1781057975587","0.6028641338564269"
"EOPKGTopologyConditionedWI","","strict_train_macro_f1","38","1781058077527","0.5985454897631259"
"EOPKGTopologyConditionedWI","","strict_train_macro_f1","39","1781058180035","0.6064609441105754"
"EOPKGTopologyConditionedWI","","strict_train_macro_f1","40","1781058281991","0.6067754996738175"
"EOPKGTopologyConditionedWI","","strict_train_macro_f1","41","1781058385275","0.5996814747870705"
"EOPKGTopologyConditionedWI","","strict_train_macro_f1","42","1781058487277","0.5996385187955393"
"EOPKGTopologyConditionedWI","","strict_train_macro_f1","43","1781058590319","0.6018017108668654"
"EOPKGTopologyConditionedWI","","strict_train_macro_f1","44","1781058694391","0.6063033272563654"
"EOPKGTopologyConditionedWI","","strict_train_macro_f1","45","1781058797353","0.6059204328292421"
"EOPKGTopologyConditionedWI","","strict_train_macro_f1","46","1781058900069","0.6078945564604747"
"EOPKGTopologyConditionedWI","","strict_train_macro_f1","47","1781059003244","0.6095243851915941"
"EOPKGTopologyConditionedWI","","strict_train_macro_f1","48","1781059106585","0.6061931573566391"
"EOPKGTopologyConditionedWI","","strict_train_macro_f1","49","1781059209165","0.6069802787708085"
"EOPKGTopologyConditionedWI","","strict_train_macro_f1","50","1781059310773","0.6098766443088289"

